USE [master]
GO
/****** Object:  Database [PGE.AIMS.APP]    Script Date: 12/11/2018 13:28:12 ******/
CREATE DATABASE [PGE.AIMS.APP]
 CONTAINMENT = NONE
 ON  PRIMARY 
( NAME = N'PGE.AIMS.APP', FILENAME = N'C:\Program Files\Microsoft SQL Server\MSSQL12.MSSQLSERVER\MSSQL\DATA\PGE.AIMS.APP.mdf' , SIZE = 3264KB , MAXSIZE = UNLIMITED, FILEGROWTH = 1024KB )
 LOG ON 
( NAME = N'PGE.AIMS.APP_log', FILENAME = N'C:\Program Files\Microsoft SQL Server\MSSQL12.MSSQLSERVER\MSSQL\DATA\PGE.AIMS.APP_log.ldf' , SIZE = 816KB , MAXSIZE = 2048GB , FILEGROWTH = 10%)
GO
ALTER DATABASE [PGE.AIMS.APP] SET COMPATIBILITY_LEVEL = 120
GO
IF (1 = FULLTEXTSERVICEPROPERTY('IsFullTextInstalled'))
begin
EXEC [PGE.AIMS.APP].[dbo].[sp_fulltext_database] @action = 'enable'
end
GO
ALTER DATABASE [PGE.AIMS.APP] SET ANSI_NULL_DEFAULT OFF 
GO
ALTER DATABASE [PGE.AIMS.APP] SET ANSI_NULLS OFF 
GO
ALTER DATABASE [PGE.AIMS.APP] SET ANSI_PADDING OFF 
GO
ALTER DATABASE [PGE.AIMS.APP] SET ANSI_WARNINGS OFF 
GO
ALTER DATABASE [PGE.AIMS.APP] SET ARITHABORT OFF 
GO
ALTER DATABASE [PGE.AIMS.APP] SET AUTO_CLOSE OFF 
GO
ALTER DATABASE [PGE.AIMS.APP] SET AUTO_SHRINK OFF 
GO
ALTER DATABASE [PGE.AIMS.APP] SET AUTO_UPDATE_STATISTICS ON 
GO
ALTER DATABASE [PGE.AIMS.APP] SET CURSOR_CLOSE_ON_COMMIT OFF 
GO
ALTER DATABASE [PGE.AIMS.APP] SET CURSOR_DEFAULT  GLOBAL 
GO
ALTER DATABASE [PGE.AIMS.APP] SET CONCAT_NULL_YIELDS_NULL OFF 
GO
ALTER DATABASE [PGE.AIMS.APP] SET NUMERIC_ROUNDABORT OFF 
GO
ALTER DATABASE [PGE.AIMS.APP] SET QUOTED_IDENTIFIER OFF 
GO
ALTER DATABASE [PGE.AIMS.APP] SET RECURSIVE_TRIGGERS OFF 
GO
ALTER DATABASE [PGE.AIMS.APP] SET  ENABLE_BROKER 
GO
ALTER DATABASE [PGE.AIMS.APP] SET AUTO_UPDATE_STATISTICS_ASYNC OFF 
GO
ALTER DATABASE [PGE.AIMS.APP] SET DATE_CORRELATION_OPTIMIZATION OFF 
GO
ALTER DATABASE [PGE.AIMS.APP] SET TRUSTWORTHY OFF 
GO
ALTER DATABASE [PGE.AIMS.APP] SET ALLOW_SNAPSHOT_ISOLATION OFF 
GO
ALTER DATABASE [PGE.AIMS.APP] SET PARAMETERIZATION SIMPLE 
GO
ALTER DATABASE [PGE.AIMS.APP] SET READ_COMMITTED_SNAPSHOT OFF 
GO
ALTER DATABASE [PGE.AIMS.APP] SET HONOR_BROKER_PRIORITY OFF 
GO
ALTER DATABASE [PGE.AIMS.APP] SET RECOVERY FULL 
GO
ALTER DATABASE [PGE.AIMS.APP] SET  MULTI_USER 
GO
ALTER DATABASE [PGE.AIMS.APP] SET PAGE_VERIFY CHECKSUM  
GO
ALTER DATABASE [PGE.AIMS.APP] SET DB_CHAINING OFF 
GO
ALTER DATABASE [PGE.AIMS.APP] SET FILESTREAM( NON_TRANSACTED_ACCESS = OFF ) 
GO
ALTER DATABASE [PGE.AIMS.APP] SET TARGET_RECOVERY_TIME = 0 SECONDS 
GO
ALTER DATABASE [PGE.AIMS.APP] SET DELAYED_DURABILITY = DISABLED 
GO
EXEC sys.sp_db_vardecimal_storage_format N'PGE.AIMS.APP', N'ON'
GO
USE [PGE.AIMS.APP]
GO
/****** Object:  Table [dbo].[ActualCost]    Script Date: 12/11/2018 13:28:12 ******/
SET ANSI_NULLS ON
GO
SET QUOTED_IDENTIFIER ON
GO
SET ANSI_PADDING ON
GO
CREATE TABLE [dbo].[ActualCost](
	[ActualCostId] [int] IDENTITY(1,1) NOT NULL,
	[WBSElement] [varchar](50) NOT NULL,
	[DocNumber] [varchar](50) NOT NULL,
	[RefNumber] [varchar](50) NOT NULL,
	[DocNumber2] [varchar](50) NULL,
	[OffsettingAccountType] [varchar](5) NULL,
	[DocType] [varchar](50) NULL,
	[OriginalBusTrans] [varchar](50) NULL,
	[ProjectDefinition] [varchar](50) NULL,
	[CoObjectName] [varchar](500) NULL,
	[CostElement] [varchar](50) NULL,
	[CostElementDesc] [varchar](500) NULL,
	[FiscalYear] [smallint] NULL,
	[DocDate] [datetime] NULL,
	[PostingDate] [datetime] NULL,
	[CreatedOn] [datetime] NULL,
	[TransactionCurrency] [varchar](10) NULL,
	[ValueTranCurr] [float] NULL,
	[ValueCoArea] [float] NULL,
	[ValueHardCurr] [float] NULL,
	[PurchasingDoc] [varchar](50) NULL,
	[TotalQuantity] [int] NULL,
	[Item] [varchar](50) NULL,
	[PurchaseOrderText] [varchar](500) NULL,
	[Name] [varchar](500) NULL,
	[UserName] [varchar](50) NULL,
	[Period] [varchar](50) NULL,
 CONSTRAINT [PK_ActualCost] PRIMARY KEY CLUSTERED 
(
	[ActualCostId] ASC
)WITH (PAD_INDEX = OFF, STATISTICS_NORECOMPUTE = OFF, IGNORE_DUP_KEY = OFF, ALLOW_ROW_LOCKS = ON, ALLOW_PAGE_LOCKS = ON) ON [PRIMARY]
) ON [PRIMARY]

GO
SET ANSI_PADDING OFF
GO
/****** Object:  Table [dbo].[Asset]    Script Date: 12/11/2018 13:28:12 ******/
SET ANSI_NULLS ON
GO
SET QUOTED_IDENTIFIER ON
GO
SET ANSI_PADDING ON
GO
CREATE TABLE [dbo].[Asset](
	[AssetId] [int] IDENTITY(1,1) NOT NULL,
	[LocationId] [int] NOT NULL,
	[AssetNumber] [varchar](50) NULL,
	[SubNumber] [varchar](50) NOT NULL,
	[Description] [varchar](500) NOT NULL,
	[ValueIdr] [float] NOT NULL,
	[ValueUsd] [float] NOT NULL,
	[Photo] [varchar](max) NOT NULL,
	[Latitude] [float] NULL,
	[Longitude] [float] NULL,
	[IsDeleted] [bit] NULL,
	[BarcodeImage] [varchar](max) NULL,
 CONSTRAINT [PK_Asset] PRIMARY KEY CLUSTERED 
(
	[AssetId] ASC
)WITH (PAD_INDEX = OFF, STATISTICS_NORECOMPUTE = OFF, IGNORE_DUP_KEY = OFF, ALLOW_ROW_LOCKS = ON, ALLOW_PAGE_LOCKS = ON) ON [PRIMARY]
) ON [PRIMARY] TEXTIMAGE_ON [PRIMARY]

GO
SET ANSI_PADDING OFF
GO
/****** Object:  Table [dbo].[AUC]    Script Date: 12/11/2018 13:28:12 ******/
SET ANSI_NULLS ON
GO
SET QUOTED_IDENTIFIER ON
GO
SET ANSI_PADDING ON
GO
CREATE TABLE [dbo].[AUC](
	[WBSElement] [varchar](50) NOT NULL,
	[AssetNumber] [varchar](50) NOT NULL,
	[Description] [varchar](500) NOT NULL,
	[Plant] [varchar](50) NOT NULL,
	[CostCenter] [varchar](10) NOT NULL,
	[AcquisValIdr] [float] NOT NULL,
	[BookVal] [float] NULL,
	[AssetClass] [varchar](5) NULL,
	[SubNumber] [varchar](50) NULL,
	[CapitalizedOn] [datetime] NULL,
	[AccumDep] [float] NULL,
	[Currency] [varchar](5) NULL,
	[CompanyCode] [varchar](10) NULL,
	[OriginalAsset] [varchar](50) NULL,
	[SerialNumber] [varchar](50) NULL,
	[UsefulLife] [smallint] NULL,
	[UsefulPeriod] [smallint] NULL,
	[ScrapVal] [float] NULL,
	[ProfitCenter] [varchar](50) NULL,
	[OrdinaryDep] [float] NULL,
	[FirstAcquisition] [datetime] NULL,
	[AssetCondition] [varchar](500) NULL,
	[EvaluationGroup1] [varchar](250) NULL,
	[EvaluationGroup3] [varchar](250) NULL,
	[EvaluationGroup4] [varchar](250) NULL,
	[Location] [varchar](250) NULL,
	[EvaluationGroup5] [varchar](250) NULL,
	[BalanceSheetItem] [varchar](50) NULL,
	[OriginalValue] [float] NULL,
	[OriginalAcquisitionYear] [smallint] NULL,
	[DepreciationKey] [varchar](50) NULL,
	[AccumOrdinaryDep] [float] NULL,
	[PlannedOrdinaryDep] [float] NULL,
	[NoUnitDeprec] [int] NULL,
	[AcquisValUsd] [float] NOT NULL,
 CONSTRAINT [PK_AUC] PRIMARY KEY CLUSTERED 
(
	[WBSElement] ASC
)WITH (PAD_INDEX = OFF, STATISTICS_NORECOMPUTE = OFF, IGNORE_DUP_KEY = OFF, ALLOW_ROW_LOCKS = ON, ALLOW_PAGE_LOCKS = ON) ON [PRIMARY]
) ON [PRIMARY]

GO
SET ANSI_PADDING OFF
GO
/****** Object:  Table [dbo].[CostCenter]    Script Date: 12/11/2018 13:28:12 ******/
SET ANSI_NULLS ON
GO
SET QUOTED_IDENTIFIER ON
GO
SET ANSI_PADDING ON
GO
CREATE TABLE [dbo].[CostCenter](
	[CostCenterId] [int] IDENTITY(1,1) NOT NULL,
	[Name] [varchar](50) NOT NULL,
	[AssetHolder] [varchar](150) NOT NULL,
 CONSTRAINT [PK_CostCenter] PRIMARY KEY CLUSTERED 
(
	[CostCenterId] ASC
)WITH (PAD_INDEX = OFF, STATISTICS_NORECOMPUTE = OFF, IGNORE_DUP_KEY = OFF, ALLOW_ROW_LOCKS = ON, ALLOW_PAGE_LOCKS = ON) ON [PRIMARY]
) ON [PRIMARY]

GO
SET ANSI_PADDING OFF
GO
/****** Object:  Table [dbo].[Location]    Script Date: 12/11/2018 13:28:12 ******/
SET ANSI_NULLS ON
GO
SET QUOTED_IDENTIFIER ON
GO
SET ANSI_PADDING ON
GO
CREATE TABLE [dbo].[Location](
	[LocationId] [int] IDENTITY(1,1) NOT NULL,
	[Name] [varchar](50) NOT NULL,
 CONSTRAINT [PK_Location] PRIMARY KEY CLUSTERED 
(
	[LocationId] ASC
)WITH (PAD_INDEX = OFF, STATISTICS_NORECOMPUTE = OFF, IGNORE_DUP_KEY = OFF, ALLOW_ROW_LOCKS = ON, ALLOW_PAGE_LOCKS = ON) ON [PRIMARY]
) ON [PRIMARY]

GO
SET ANSI_PADDING OFF
GO
/****** Object:  Table [dbo].[Mapping]    Script Date: 12/11/2018 13:28:12 ******/
SET ANSI_NULLS ON
GO
SET QUOTED_IDENTIFIER ON
GO
SET ANSI_PADDING ON
GO
CREATE TABLE [dbo].[Mapping](
	[MappingId] [int] IDENTITY(1,1) NOT NULL,
	[PlantId] [int] NULL,
	[SubmitDate] [datetime] NOT NULL,
	[Description] [varchar](256) NULL,
	[Status] [varchar](50) NOT NULL,
	[IsDeleted] [bit] NULL CONSTRAINT [DF_Mapping_IsDeleted]  DEFAULT ((0)),
	[Notes] [varchar](500) NULL,
 CONSTRAINT [PK_Mapping] PRIMARY KEY CLUSTERED 
(
	[MappingId] ASC
)WITH (PAD_INDEX = OFF, STATISTICS_NORECOMPUTE = OFF, IGNORE_DUP_KEY = OFF, ALLOW_ROW_LOCKS = ON, ALLOW_PAGE_LOCKS = ON) ON [PRIMARY]
) ON [PRIMARY]

GO
SET ANSI_PADDING OFF
GO
/****** Object:  Table [dbo].[MappingAsset]    Script Date: 12/11/2018 13:28:12 ******/
SET ANSI_NULLS ON
GO
SET QUOTED_IDENTIFIER ON
GO
CREATE TABLE [dbo].[MappingAsset](
	[MappingAssetId] [int] IDENTITY(1,1) NOT NULL,
	[MappingId] [int] NOT NULL,
	[AssetId] [int] NOT NULL,
 CONSTRAINT [PK_MappingAsset] PRIMARY KEY CLUSTERED 
(
	[MappingAssetId] ASC
)WITH (PAD_INDEX = OFF, STATISTICS_NORECOMPUTE = OFF, IGNORE_DUP_KEY = OFF, ALLOW_ROW_LOCKS = ON, ALLOW_PAGE_LOCKS = ON) ON [PRIMARY]
) ON [PRIMARY]

GO
/****** Object:  Table [dbo].[MappingAssetActualCost]    Script Date: 12/11/2018 13:28:12 ******/
SET ANSI_NULLS ON
GO
SET QUOTED_IDENTIFIER ON
GO
SET ANSI_PADDING ON
GO
CREATE TABLE [dbo].[MappingAssetActualCost](
	[MappingAssetActualCostId] [int] IDENTITY(1,1) NOT NULL,
	[MappingAssetId] [int] NOT NULL,
	[ActualCostId] [int] NOT NULL,
	[WBSElement] [varchar](50) NULL,
	[ValueIdr] [float] NOT NULL,
	[ValueUsd] [float] NOT NULL,
 CONSTRAINT [PK_MappingAssetActualCost_1] PRIMARY KEY CLUSTERED 
(
	[MappingAssetActualCostId] ASC
)WITH (PAD_INDEX = OFF, STATISTICS_NORECOMPUTE = OFF, IGNORE_DUP_KEY = OFF, ALLOW_ROW_LOCKS = ON, ALLOW_PAGE_LOCKS = ON) ON [PRIMARY]
) ON [PRIMARY]

GO
SET ANSI_PADDING OFF
GO
/****** Object:  Table [dbo].[MDMAsset]    Script Date: 12/11/2018 13:28:12 ******/
SET ANSI_NULLS ON
GO
SET QUOTED_IDENTIFIER ON
GO
SET ANSI_PADDING ON
GO
CREATE TABLE [dbo].[MDMAsset](
	[MDMRequestId] [int] NOT NULL,
	[AssetId] [int] NOT NULL,
	[AssetClass] [varchar](50) NOT NULL,
	[PostCap] [varchar](50) NOT NULL,
	[Description2] [varchar](max) NOT NULL,
	[SerialNumber] [varchar](255) NOT NULL,
	[EvaluationGroup1] [varchar](255) NOT NULL,
	[AssetCondition] [varchar](255) NOT NULL,
	[OriginalAsset] [varchar](255) NOT NULL,
	[OrigAcquisDate] [datetime] NOT NULL,
	[BookDepreKey] [varchar](255) NOT NULL,
	[UsefulLife01] [varchar](255) NOT NULL,
	[UsefulLife03] [varchar](255) NOT NULL,
 CONSTRAINT [PK_MDMAsset] PRIMARY KEY CLUSTERED 
(
	[MDMRequestId] ASC,
	[AssetId] ASC
)WITH (PAD_INDEX = OFF, STATISTICS_NORECOMPUTE = OFF, IGNORE_DUP_KEY = OFF, ALLOW_ROW_LOCKS = ON, ALLOW_PAGE_LOCKS = ON) ON [PRIMARY]
) ON [PRIMARY] TEXTIMAGE_ON [PRIMARY]

GO
SET ANSI_PADDING OFF
GO
/****** Object:  Table [dbo].[MDMRequest]    Script Date: 12/11/2018 13:28:12 ******/
SET ANSI_NULLS ON
GO
SET QUOTED_IDENTIFIER ON
GO
SET ANSI_PADDING ON
GO
CREATE TABLE [dbo].[MDMRequest](
	[MDMRequestId] [int] IDENTITY(1,1) NOT NULL,
	[SubmitDate] [datetime] NOT NULL,
	[Status] [varchar](10) NOT NULL,
	[LegalRequestor] [varchar](255) NOT NULL,
	[RequestTitle] [varchar](255) NOT NULL,
 CONSTRAINT [PK_MDMRequest] PRIMARY KEY CLUSTERED 
(
	[MDMRequestId] ASC
)WITH (PAD_INDEX = OFF, STATISTICS_NORECOMPUTE = OFF, IGNORE_DUP_KEY = OFF, ALLOW_ROW_LOCKS = ON, ALLOW_PAGE_LOCKS = ON) ON [PRIMARY]
) ON [PRIMARY]

GO
SET ANSI_PADDING OFF
GO
/****** Object:  Table [dbo].[PhysicalCheck]    Script Date: 12/11/2018 13:28:12 ******/
SET ANSI_NULLS ON
GO
SET QUOTED_IDENTIFIER ON
GO
SET ANSI_PADDING ON
GO
CREATE TABLE [dbo].[PhysicalCheck](
	[PhysicalCheckId] [int] IDENTITY(1,1) NOT NULL,
	[PhysicalCheckDate] [datetime] NOT NULL,
	[AssetId] [int] NOT NULL,
	[Condition] [varchar](20) NOT NULL,
	[IsDeleted] [bit] NULL,
	[CheckedBy] [varchar](200) NOT NULL,
 CONSTRAINT [PK_PhysicalCheck] PRIMARY KEY CLUSTERED 
(
	[PhysicalCheckId] ASC
)WITH (PAD_INDEX = OFF, STATISTICS_NORECOMPUTE = OFF, IGNORE_DUP_KEY = OFF, ALLOW_ROW_LOCKS = ON, ALLOW_PAGE_LOCKS = ON) ON [PRIMARY]
) ON [PRIMARY]

GO
SET ANSI_PADDING OFF
GO
/****** Object:  Table [dbo].[PhysicalCheckAsset]    Script Date: 12/11/2018 13:28:12 ******/
SET ANSI_NULLS ON
GO
SET QUOTED_IDENTIFIER ON
GO
SET ANSI_PADDING ON
GO
CREATE TABLE [dbo].[PhysicalCheckAsset](
	[ImageId] [int] IDENTITY(1,1) NOT NULL,
	[PhysicalCheckId] [int] NOT NULL,
	[Image] [varchar](200) NOT NULL,
 CONSTRAINT [PK_PhysicalCheckAsset] PRIMARY KEY CLUSTERED 
(
	[ImageId] ASC
)WITH (PAD_INDEX = OFF, STATISTICS_NORECOMPUTE = OFF, IGNORE_DUP_KEY = OFF, ALLOW_ROW_LOCKS = ON, ALLOW_PAGE_LOCKS = ON) ON [PRIMARY]
) ON [PRIMARY]

GO
SET ANSI_PADDING OFF
GO
/****** Object:  Table [dbo].[Plant]    Script Date: 12/11/2018 13:28:12 ******/
SET ANSI_NULLS ON
GO
SET QUOTED_IDENTIFIER ON
GO
SET ANSI_PADDING ON
GO
CREATE TABLE [dbo].[Plant](
	[PlantId] [int] IDENTITY(1,1) NOT NULL,
	[Code] [varchar](50) NOT NULL,
	[Name] [varchar](50) NOT NULL,
 CONSTRAINT [PK_Plant] PRIMARY KEY CLUSTERED 
(
	[PlantId] ASC
)WITH (PAD_INDEX = OFF, STATISTICS_NORECOMPUTE = OFF, IGNORE_DUP_KEY = OFF, ALLOW_ROW_LOCKS = ON, ALLOW_PAGE_LOCKS = ON) ON [PRIMARY]
) ON [PRIMARY]

GO
SET ANSI_PADDING OFF
GO
/****** Object:  Table [dbo].[RejectMappingHistory]    Script Date: 12/11/2018 13:28:12 ******/
SET ANSI_NULLS ON
GO
SET QUOTED_IDENTIFIER ON
GO
SET ANSI_PADDING ON
GO
CREATE TABLE [dbo].[RejectMappingHistory](
	[RejectId] [int] IDENTITY(1,1) NOT NULL,
	[MappingId] [int] NOT NULL,
	[Notes] [varchar](max) NOT NULL,
 CONSTRAINT [PK_RejectMappingHistory] PRIMARY KEY CLUSTERED 
(
	[RejectId] ASC
)WITH (PAD_INDEX = OFF, STATISTICS_NORECOMPUTE = OFF, IGNORE_DUP_KEY = OFF, ALLOW_ROW_LOCKS = ON, ALLOW_PAGE_LOCKS = ON) ON [PRIMARY]
) ON [PRIMARY] TEXTIMAGE_ON [PRIMARY]

GO
SET ANSI_PADDING OFF
GO
/****** Object:  Table [dbo].[RejectTCRHistory]    Script Date: 12/11/2018 13:28:12 ******/
SET ANSI_NULLS ON
GO
SET QUOTED_IDENTIFIER ON
GO
SET ANSI_PADDING ON
GO
CREATE TABLE [dbo].[RejectTCRHistory](
	[RejectId] [int] IDENTITY(1,1) NOT NULL,
	[TCRId] [int] NOT NULL,
	[Notes] [varchar](max) NOT NULL,
 CONSTRAINT [PK_RejectTCRHistory] PRIMARY KEY CLUSTERED 
(
	[RejectId] ASC
)WITH (PAD_INDEX = OFF, STATISTICS_NORECOMPUTE = OFF, IGNORE_DUP_KEY = OFF, ALLOW_ROW_LOCKS = ON, ALLOW_PAGE_LOCKS = ON) ON [PRIMARY]
) ON [PRIMARY] TEXTIMAGE_ON [PRIMARY]

GO
SET ANSI_PADDING OFF
GO
/****** Object:  Table [dbo].[SPCRequest]    Script Date: 12/11/2018 13:28:12 ******/
SET ANSI_NULLS ON
GO
SET QUOTED_IDENTIFIER ON
GO
SET ANSI_PADDING ON
GO
CREATE TABLE [dbo].[SPCRequest](
	[SPCRequestId] [int] IDENTITY(1,1) NOT NULL,
	[SubmitDate] [datetime] NOT NULL,
	[Status] [varchar](10) NOT NULL,
	[ScrapType] [varchar](50) NOT NULL,
	[NoRequestSPC005] [varchar](100) NULL,
	[NoRequestSPC011] [varchar](100) NULL,
	[Plant] [varchar](100) NULL,
	[CostCenter] [varchar](100) NULL,
	[AcquisitionType] [varchar](50) NOT NULL,
	[DocABVN] [bit] NULL,
	[PreparedBy] [varchar](100) NOT NULL,
	[LegalRequestor] [varchar](100) NOT NULL,
 CONSTRAINT [PK_SPCRequest] PRIMARY KEY CLUSTERED 
(
	[SPCRequestId] ASC
)WITH (PAD_INDEX = OFF, STATISTICS_NORECOMPUTE = OFF, IGNORE_DUP_KEY = OFF, ALLOW_ROW_LOCKS = ON, ALLOW_PAGE_LOCKS = ON) ON [PRIMARY]
) ON [PRIMARY]

GO
SET ANSI_PADDING OFF
GO
/****** Object:  Table [dbo].[SPCRequestAsset]    Script Date: 12/11/2018 13:28:12 ******/
SET ANSI_NULLS ON
GO
SET QUOTED_IDENTIFIER ON
GO
SET ANSI_PADDING ON
GO
CREATE TABLE [dbo].[SPCRequestAsset](
	[SPCRequestId] [int] NOT NULL,
	[AssetId] [int] NOT NULL,
	[DocDate] [datetime] NOT NULL,
	[PostingDate] [datetime] NOT NULL,
	[AssetValueDate] [datetime] NOT NULL,
	[PostingPeriod] [varchar](50) NOT NULL,
	[TransactionType] [varchar](100) NOT NULL,
	[AssetTransaction] [varchar](100) NOT NULL,
 CONSTRAINT [PK_SPCRequestAsset] PRIMARY KEY CLUSTERED 
(
	[SPCRequestId] ASC,
	[AssetId] ASC
)WITH (PAD_INDEX = OFF, STATISTICS_NORECOMPUTE = OFF, IGNORE_DUP_KEY = OFF, ALLOW_ROW_LOCKS = ON, ALLOW_PAGE_LOCKS = ON) ON [PRIMARY]
) ON [PRIMARY]

GO
SET ANSI_PADDING OFF
GO
/****** Object:  Table [dbo].[TCR]    Script Date: 12/11/2018 13:28:12 ******/
SET ANSI_NULLS ON
GO
SET QUOTED_IDENTIFIER ON
GO
SET ANSI_PADDING ON
GO
CREATE TABLE [dbo].[TCR](
	[TCRId] [int] IDENTITY(1,1) NOT NULL,
	[SubmitDate] [datetime] NOT NULL,
	[Status] [varchar](50) NOT NULL,
	[ProjectName] [varchar](250) NOT NULL,
	[WBS] [varchar](200) NOT NULL,
	[StartDate] [datetime] NOT NULL,
	[EndDate] [datetime] NOT NULL,
	[ProjectDefinition] [varchar](500) NOT NULL,
	[CostCenter] [int] NOT NULL,
	[Plant] [int] NULL,
	[LocationId] [int] NULL,
	[AssetHolder] [varchar](150) NOT NULL,
	[Budget] [float] NOT NULL,
	[Currency] [varchar](10) NOT NULL,
	[Notes] [varchar](500) NULL,
	[ValueIdr] [float] NOT NULL,
	[ValueUsd] [float] NOT NULL,
	[IsDeleted] [bit] NULL,
 CONSTRAINT [PK_TCR] PRIMARY KEY CLUSTERED 
(
	[TCRId] ASC
)WITH (PAD_INDEX = OFF, STATISTICS_NORECOMPUTE = OFF, IGNORE_DUP_KEY = OFF, ALLOW_ROW_LOCKS = ON, ALLOW_PAGE_LOCKS = ON) ON [PRIMARY]
) ON [PRIMARY]

GO
SET ANSI_PADDING OFF
GO
/****** Object:  Table [dbo].[TCRAsset]    Script Date: 12/11/2018 13:28:12 ******/
SET ANSI_NULLS ON
GO
SET QUOTED_IDENTIFIER ON
GO
CREATE TABLE [dbo].[TCRAsset](
	[TCRId] [int] NOT NULL,
	[AssetId] [int] NOT NULL,
 CONSTRAINT [PK_TCRAsset] PRIMARY KEY CLUSTERED 
(
	[TCRId] ASC,
	[AssetId] ASC
)WITH (PAD_INDEX = OFF, STATISTICS_NORECOMPUTE = OFF, IGNORE_DUP_KEY = OFF, ALLOW_ROW_LOCKS = ON, ALLOW_PAGE_LOCKS = ON) ON [PRIMARY]
) ON [PRIMARY]

GO
SET IDENTITY_INSERT [dbo].[ActualCost] ON 

INSERT [dbo].[ActualCost] ([ActualCostId], [WBSElement], [DocNumber], [RefNumber], [DocNumber2], [OffsettingAccountType], [DocType], [OriginalBusTrans], [ProjectDefinition], [CoObjectName], [CostElement], [CostElementDesc], [FiscalYear], [DocDate], [PostingDate], [CreatedOn], [TransactionCurrency], [ValueTranCurr], [ValueCoArea], [ValueHardCurr], [PurchasingDoc], [TotalQuantity], [Item], [PurchaseOrderText], [Name], [UserName], [Period]) VALUES (1, N'N/KRH1/11.08.02', N'1147121627', N'1182284', N'100024575', N'A', N'SA', N'KOAE', N'N/KRH1/11', N'DINAS', N'6001008100', N'EMPLOYEE TRAVEL EXPENSE', 2018, CAST(N'2018-05-08 00:00:00.000' AS DateTime), CAST(N'2018-05-08 00:00:00.000' AS DateTime), CAST(N'2018-05-08 00:00:00.000' AS DateTime), N'IDR', -7030000, -7030000, -500.85, NULL, NULL, N'0', NULL, N'WBS N/KRH1/11.08.02', N'ROSITAE', N'5')
INSERT [dbo].[ActualCost] ([ActualCostId], [WBSElement], [DocNumber], [RefNumber], [DocNumber2], [OffsettingAccountType], [DocType], [OriginalBusTrans], [ProjectDefinition], [CoObjectName], [CostElement], [CostElementDesc], [FiscalYear], [DocDate], [PostingDate], [CreatedOn], [TransactionCurrency], [ValueTranCurr], [ValueCoArea], [ValueHardCurr], [PurchasingDoc], [TotalQuantity], [Item], [PurchaseOrderText], [Name], [UserName], [Period]) VALUES (2, N'N/KRH1/11.08.02', N'1147206561', N'1183081', N'100024962', N'A', N'SA', N'KOAE', N'N/KRH1/11', N'DINAS', N'6001008100', N'EMPLOYEE TRAVEL EXPENSE', 2018, CAST(N'2018-05-14 00:00:00.000' AS DateTime), CAST(N'2018-05-14 00:00:00.000' AS DateTime), CAST(N'2018-05-14 00:00:00.000' AS DateTime), N'IDR', -2265000, -2265000, -162.06, NULL, NULL, N'0', NULL, N'WBS N/KRH1/11.08.02', N'ROSITAE', N'5')
INSERT [dbo].[ActualCost] ([ActualCostId], [WBSElement], [DocNumber], [RefNumber], [DocNumber2], [OffsettingAccountType], [DocType], [OriginalBusTrans], [ProjectDefinition], [CoObjectName], [CostElement], [CostElementDesc], [FiscalYear], [DocDate], [PostingDate], [CreatedOn], [TransactionCurrency], [ValueTranCurr], [ValueCoArea], [ValueHardCurr], [PurchasingDoc], [TotalQuantity], [Item], [PurchaseOrderText], [Name], [UserName], [Period]) VALUES (3, N'N/KRH1/11.08.02', N'1147234221', N'1179387', N'100025054', N'A', N'SA', N'KOAE', N'N/KRH1/11', N'DINAS', N'6001008100', N'EMPLOYEE TRAVEL EXPENSE', 2018, CAST(N'2018-05-16 00:00:00.000' AS DateTime), CAST(N'2018-05-16 00:00:00.000' AS DateTime), CAST(N'2018-05-16 00:00:00.000' AS DateTime), N'IDR', -32245898, -32245898, -2299.99, NULL, NULL, N'0', NULL, N'WBS N/KRH1/11.08.02', N'ROSITAE', N'5')
INSERT [dbo].[ActualCost] ([ActualCostId], [WBSElement], [DocNumber], [RefNumber], [DocNumber2], [OffsettingAccountType], [DocType], [OriginalBusTrans], [ProjectDefinition], [CoObjectName], [CostElement], [CostElementDesc], [FiscalYear], [DocDate], [PostingDate], [CreatedOn], [TransactionCurrency], [ValueTranCurr], [ValueCoArea], [ValueHardCurr], [PurchasingDoc], [TotalQuantity], [Item], [PurchaseOrderText], [Name], [UserName], [Period]) VALUES (4, N'N/KRH1/11.08.02', N'1147225891', N'1182968', N'100025026', N'A', N'SA', N'KOAE', N'N/KRH1/11', N'DINAS', N'6001008100', N'EMPLOYEE TRAVEL EXPENSE', 2018, CAST(N'2018-05-15 00:00:00.000' AS DateTime), CAST(N'2018-05-15 00:00:00.000' AS DateTime), CAST(N'2018-05-15 00:00:00.000' AS DateTime), N'IDR', -21835529, -21835529, -1557.46, NULL, NULL, N'0', NULL, N'WBS N/KRH1/11.08.02', N'ROSITAE', N'5')
INSERT [dbo].[ActualCost] ([ActualCostId], [WBSElement], [DocNumber], [RefNumber], [DocNumber2], [OffsettingAccountType], [DocType], [OriginalBusTrans], [ProjectDefinition], [CoObjectName], [CostElement], [CostElementDesc], [FiscalYear], [DocDate], [PostingDate], [CreatedOn], [TransactionCurrency], [ValueTranCurr], [ValueCoArea], [ValueHardCurr], [PurchasingDoc], [TotalQuantity], [Item], [PurchaseOrderText], [Name], [UserName], [Period]) VALUES (5, N'N/KRH1/11.08.02', N'1147565589', N'100029250', N'100029250', N'A', N'SA', N'RFBU', N'N/KRH1/11', N'DINAS', N'6001008100', N'EMPLOYEE TRAVEL EXPENSE', 2018, CAST(N'2018-05-31 00:00:00.000' AS DateTime), CAST(N'2018-05-31 00:00:00.000' AS DateTime), CAST(N'2018-06-06 00:00:00.000' AS DateTime), N'USD', NULL, NULL, -0.01, NULL, NULL, N'0', NULL, N'AUC POST', N'DENYAP', N'5')
INSERT [dbo].[ActualCost] ([ActualCostId], [WBSElement], [DocNumber], [RefNumber], [DocNumber2], [OffsettingAccountType], [DocType], [OriginalBusTrans], [ProjectDefinition], [CoObjectName], [CostElement], [CostElementDesc], [FiscalYear], [DocDate], [PostingDate], [CreatedOn], [TransactionCurrency], [ValueTranCurr], [ValueCoArea], [ValueHardCurr], [PurchasingDoc], [TotalQuantity], [Item], [PurchaseOrderText], [Name], [UserName], [Period]) VALUES (6, N'N/KRH1/11.08.02', N'1148312428', N'1201996', N'100035913', N'A', N'SA', N'KOAE', N'N/KRH1/11', N'DINAS', N'6001008100', N'EMPLOYEE TRAVEL EXPENSE', 2018, CAST(N'2018-07-28 00:00:00.000' AS DateTime), CAST(N'2018-07-28 00:00:00.000' AS DateTime), CAST(N'2018-07-28 00:00:00.000' AS DateTime), N'IDR', -4015000, -4015000, -277.22, NULL, NULL, N'0', NULL, N'WBS N/KRH1/11.08.02', N'ANESTESIA', N'7')
INSERT [dbo].[ActualCost] ([ActualCostId], [WBSElement], [DocNumber], [RefNumber], [DocNumber2], [OffsettingAccountType], [DocType], [OriginalBusTrans], [ProjectDefinition], [CoObjectName], [CostElement], [CostElementDesc], [FiscalYear], [DocDate], [PostingDate], [CreatedOn], [TransactionCurrency], [ValueTranCurr], [ValueCoArea], [ValueHardCurr], [PurchasingDoc], [TotalQuantity], [Item], [PurchaseOrderText], [Name], [UserName], [Period]) VALUES (7, N'N/KRH1/11.08.02', N'1148076778', N'1198806', N'100033988', N'A', N'SA', N'KOAE', N'N/KRH1/11', N'DINAS', N'6001008100', N'EMPLOYEE TRAVEL EXPENSE', 2018, CAST(N'2018-07-12 00:00:00.000' AS DateTime), CAST(N'2018-07-12 00:00:00.000' AS DateTime), CAST(N'2018-07-12 00:00:00.000' AS DateTime), N'IDR', -3275100, -3275100, -227.58, NULL, NULL, N'0', NULL, N'WBS N/KRH1/11.08.02', N'ANESTESIA', N'7')
INSERT [dbo].[ActualCost] ([ActualCostId], [WBSElement], [DocNumber], [RefNumber], [DocNumber2], [OffsettingAccountType], [DocType], [OriginalBusTrans], [ProjectDefinition], [CoObjectName], [CostElement], [CostElementDesc], [FiscalYear], [DocDate], [PostingDate], [CreatedOn], [TransactionCurrency], [ValueTranCurr], [ValueCoArea], [ValueHardCurr], [PurchasingDoc], [TotalQuantity], [Item], [PurchaseOrderText], [Name], [UserName], [Period]) VALUES (8, N'N/KRH1/11.08.02', N'1148031939', N'1197740', N'100033568', N'A', N'SA', N'KOAE', N'N/KRH1/11', N'DINAS', N'6001008100', N'EMPLOYEE TRAVEL EXPENSE', 2018, CAST(N'2018-07-10 00:00:00.000' AS DateTime), CAST(N'2018-07-10 00:00:00.000' AS DateTime), CAST(N'2018-07-10 00:00:00.000' AS DateTime), N'IDR', -2340000, -2340000, -163.27, NULL, NULL, N'0', NULL, N'WBS N/KRH1/11.08.02', N'ANESTESIA', N'7')
INSERT [dbo].[ActualCost] ([ActualCostId], [WBSElement], [DocNumber], [RefNumber], [DocNumber2], [OffsettingAccountType], [DocType], [OriginalBusTrans], [ProjectDefinition], [CoObjectName], [CostElement], [CostElementDesc], [FiscalYear], [DocDate], [PostingDate], [CreatedOn], [TransactionCurrency], [ValueTranCurr], [ValueCoArea], [ValueHardCurr], [PurchasingDoc], [TotalQuantity], [Item], [PurchaseOrderText], [Name], [UserName], [Period]) VALUES (9, N'N/KRH1/11.08.02', N'1148455781', N'100039289', N'100039289', N'A', N'SA', N'RFBU', N'N/KRH1/11', N'DINAS', N'6001008100', N'EMPLOYEE TRAVEL EXPENSE', 2018, CAST(N'2018-07-31 00:00:00.000' AS DateTime), CAST(N'2018-07-31 00:00:00.000' AS DateTime), CAST(N'2018-08-06 00:00:00.000' AS DateTime), N'USD', NULL, NULL, 0.62, NULL, NULL, N'0', NULL, N'AUC POST', N'DENYAP', N'7')
INSERT [dbo].[ActualCost] ([ActualCostId], [WBSElement], [DocNumber], [RefNumber], [DocNumber2], [OffsettingAccountType], [DocType], [OriginalBusTrans], [ProjectDefinition], [CoObjectName], [CostElement], [CostElementDesc], [FiscalYear], [DocDate], [PostingDate], [CreatedOn], [TransactionCurrency], [ValueTranCurr], [ValueCoArea], [ValueHardCurr], [PurchasingDoc], [TotalQuantity], [Item], [PurchaseOrderText], [Name], [UserName], [Period]) VALUES (10, N'N/KRH1/11.08.02', N'1147113817', N'1857977', N'100024567', N'K', N'TM', N'RFT1', N'N/KRH1/11', N'DINAS', N'6001008100', N'EMPLOYEE TRAVEL EXPENSE', 2018, CAST(N'2018-05-08 00:00:00.000' AS DateTime), CAST(N'2018-05-08 00:00:00.000' AS DateTime), CAST(N'2018-05-08 00:00:00.000' AS DateTime), N'IDR', 2940000, 2940000, 209.46, NULL, NULL, N'0', NULL, N'*Trip from 29.04.18 To  01.05.18 to   Karaha', N'SURYOWANDARU', N'5')
INSERT [dbo].[ActualCost] ([ActualCostId], [WBSElement], [DocNumber], [RefNumber], [DocNumber2], [OffsettingAccountType], [DocType], [OriginalBusTrans], [ProjectDefinition], [CoObjectName], [CostElement], [CostElementDesc], [FiscalYear], [DocDate], [PostingDate], [CreatedOn], [TransactionCurrency], [ValueTranCurr], [ValueCoArea], [ValueHardCurr], [PurchasingDoc], [TotalQuantity], [Item], [PurchaseOrderText], [Name], [UserName], [Period]) VALUES (11, N'N/KRH1/11.08.02', N'1147113816', N'1857976', N'100024566', N'K', N'TM', N'RFT1', N'N/KRH1/11', N'DINAS', N'6001008100', N'EMPLOYEE TRAVEL EXPENSE', 2018, CAST(N'2018-05-08 00:00:00.000' AS DateTime), CAST(N'2018-05-08 00:00:00.000' AS DateTime), CAST(N'2018-05-08 00:00:00.000' AS DateTime), N'IDR', 4090000, 4090000, 291.39, NULL, NULL, N'0', NULL, N'*Trip from 18.04.18 To  21.04.18 to   Karaha Bodas', N'SURYOWANDARU', N'5')
INSERT [dbo].[ActualCost] ([ActualCostId], [WBSElement], [DocNumber], [RefNumber], [DocNumber2], [OffsettingAccountType], [DocType], [OriginalBusTrans], [ProjectDefinition], [CoObjectName], [CostElement], [CostElementDesc], [FiscalYear], [DocDate], [PostingDate], [CreatedOn], [TransactionCurrency], [ValueTranCurr], [ValueCoArea], [ValueHardCurr], [PurchasingDoc], [TotalQuantity], [Item], [PurchaseOrderText], [Name], [UserName], [Period]) VALUES (12, N'N/KRH1/11.08.02', N'1147192966', N'1859189', N'100024912', N'K', N'TM', N'RFT1', N'N/KRH1/11', N'DINAS', N'6001008100', N'EMPLOYEE TRAVEL EXPENSE', 2018, CAST(N'2018-05-14 00:00:00.000' AS DateTime), CAST(N'2018-05-14 00:00:00.000' AS DateTime), CAST(N'2018-05-14 00:00:00.000' AS DateTime), N'IDR', 2265000, 2265000, 162.06, NULL, NULL, N'0', NULL, N'*Trip from 17.04.18 To  19.04.18 to   Karahabodas', N'TALENTA', N'5')
INSERT [dbo].[ActualCost] ([ActualCostId], [WBSElement], [DocNumber], [RefNumber], [DocNumber2], [OffsettingAccountType], [DocType], [OriginalBusTrans], [ProjectDefinition], [CoObjectName], [CostElement], [CostElementDesc], [FiscalYear], [DocDate], [PostingDate], [CreatedOn], [TransactionCurrency], [ValueTranCurr], [ValueCoArea], [ValueHardCurr], [PurchasingDoc], [TotalQuantity], [Item], [PurchaseOrderText], [Name], [UserName], [Period]) VALUES (13, N'N/KRH1/11.08.02', N'1147230736', N'1859884', N'100025036', N'K', N'TM', N'RFT1', N'N/KRH1/11', N'DINAS', N'6001008100', N'EMPLOYEE TRAVEL EXPENSE', 2018, CAST(N'2018-05-16 00:00:00.000' AS DateTime), CAST(N'2018-05-16 00:00:00.000' AS DateTime), CAST(N'2018-05-16 00:00:00.000' AS DateTime), N'IDR', 8637880, 8637880, 616.11, NULL, NULL, N'0', NULL, N'*Trip from 22.04.18 To  27.04.18 to   Bandung', N'SURYOWANDARU', N'5')
INSERT [dbo].[ActualCost] ([ActualCostId], [WBSElement], [DocNumber], [RefNumber], [DocNumber2], [OffsettingAccountType], [DocType], [OriginalBusTrans], [ProjectDefinition], [CoObjectName], [CostElement], [CostElementDesc], [FiscalYear], [DocDate], [PostingDate], [CreatedOn], [TransactionCurrency], [ValueTranCurr], [ValueCoArea], [ValueHardCurr], [PurchasingDoc], [TotalQuantity], [Item], [PurchaseOrderText], [Name], [UserName], [Period]) VALUES (14, N'N/KRH1/11.08.02', N'1147230738', N'1859996', N'100025038', N'K', N'TM', N'RFT1', N'N/KRH1/11', N'DINAS', N'6001008100', N'EMPLOYEE TRAVEL EXPENSE', 2018, CAST(N'2018-05-16 00:00:00.000' AS DateTime), CAST(N'2018-05-16 00:00:00.000' AS DateTime), CAST(N'2018-05-16 00:00:00.000' AS DateTime), N'IDR', 940000, 940000, 67.05, NULL, NULL, N'0', NULL, N'*Trip from 02.05.18 To  02.05.18 to   Bandung', N'SURYOWANDARU', N'5')
INSERT [dbo].[ActualCost] ([ActualCostId], [WBSElement], [DocNumber], [RefNumber], [DocNumber2], [OffsettingAccountType], [DocType], [OriginalBusTrans], [ProjectDefinition], [CoObjectName], [CostElement], [CostElementDesc], [FiscalYear], [DocDate], [PostingDate], [CreatedOn], [TransactionCurrency], [ValueTranCurr], [ValueCoArea], [ValueHardCurr], [PurchasingDoc], [TotalQuantity], [Item], [PurchaseOrderText], [Name], [UserName], [Period]) VALUES (15, N'N/KRH1/11.08.02', N'1147230740', N'1859998', N'100025040', N'K', N'TM', N'RFT1', N'N/KRH1/11', N'DINAS', N'6001008100', N'EMPLOYEE TRAVEL EXPENSE', 2018, CAST(N'2018-05-16 00:00:00.000' AS DateTime), CAST(N'2018-05-16 00:00:00.000' AS DateTime), CAST(N'2018-05-16 00:00:00.000' AS DateTime), N'IDR', 2453257, 2453257, 174.98, NULL, NULL, N'0', NULL, N'*Trip from 12.04.18 To  13.04.18 to   Jakarta', N'SURYOWANDARU', N'5')
INSERT [dbo].[ActualCost] ([ActualCostId], [WBSElement], [DocNumber], [RefNumber], [DocNumber2], [OffsettingAccountType], [DocType], [OriginalBusTrans], [ProjectDefinition], [CoObjectName], [CostElement], [CostElementDesc], [FiscalYear], [DocDate], [PostingDate], [CreatedOn], [TransactionCurrency], [ValueTranCurr], [ValueCoArea], [ValueHardCurr], [PurchasingDoc], [TotalQuantity], [Item], [PurchaseOrderText], [Name], [UserName], [Period]) VALUES (16, N'N/KRH1/11.08.02', N'1147230741', N'1859999', N'100025041', N'K', N'TM', N'RFT1', N'N/KRH1/11', N'DINAS', N'6001008100', N'EMPLOYEE TRAVEL EXPENSE', 2018, CAST(N'2018-05-16 00:00:00.000' AS DateTime), CAST(N'2018-05-16 00:00:00.000' AS DateTime), CAST(N'2018-05-16 00:00:00.000' AS DateTime), N'IDR', 6080000, 6080000, 433.67, NULL, NULL, N'0', NULL, N'*Trip from 23.04.18 To  28.04.18 to   Bandung', N'SURYOWANDARU', N'5')
INSERT [dbo].[ActualCost] ([ActualCostId], [WBSElement], [DocNumber], [RefNumber], [DocNumber2], [OffsettingAccountType], [DocType], [OriginalBusTrans], [ProjectDefinition], [CoObjectName], [CostElement], [CostElementDesc], [FiscalYear], [DocDate], [PostingDate], [CreatedOn], [TransactionCurrency], [ValueTranCurr], [ValueCoArea], [ValueHardCurr], [PurchasingDoc], [TotalQuantity], [Item], [PurchaseOrderText], [Name], [UserName], [Period]) VALUES (17, N'N/KRH1/11.08.02', N'1147230737', N'1859995', N'100025037', N'K', N'TM', N'RFT1', N'N/KRH1/11', N'DINAS', N'6001008100', N'EMPLOYEE TRAVEL EXPENSE', 2018, CAST(N'2018-05-16 00:00:00.000' AS DateTime), CAST(N'2018-05-16 00:00:00.000' AS DateTime), CAST(N'2018-05-16 00:00:00.000' AS DateTime), N'IDR', 2552770, 2552770, 182.08, NULL, NULL, N'0', NULL, N'*Trip from 19.04.18 To  20.04.18 to   Jakarta', N'SURYOWANDARU', N'5')
INSERT [dbo].[ActualCost] ([ActualCostId], [WBSElement], [DocNumber], [RefNumber], [DocNumber2], [OffsettingAccountType], [DocType], [OriginalBusTrans], [ProjectDefinition], [CoObjectName], [CostElement], [CostElementDesc], [FiscalYear], [DocDate], [PostingDate], [CreatedOn], [TransactionCurrency], [ValueTranCurr], [ValueCoArea], [ValueHardCurr], [PurchasingDoc], [TotalQuantity], [Item], [PurchaseOrderText], [Name], [UserName], [Period]) VALUES (18, N'N/KRH1/11.08.02', N'1147230739', N'1859997', N'100025039', N'K', N'TM', N'RFT1', N'N/KRH1/11', N'DINAS', N'6001008100', N'EMPLOYEE TRAVEL EXPENSE', 2018, CAST(N'2018-05-16 00:00:00.000' AS DateTime), CAST(N'2018-05-16 00:00:00.000' AS DateTime), CAST(N'2018-05-16 00:00:00.000' AS DateTime), N'IDR', 11581991, 11581991, 826.1, NULL, NULL, N'0', NULL, N'*Trip from 19.04.18 To  28.04.18 to   Jakarta', N'SURYOWANDARU', N'5')
INSERT [dbo].[ActualCost] ([ActualCostId], [WBSElement], [DocNumber], [RefNumber], [DocNumber2], [OffsettingAccountType], [DocType], [OriginalBusTrans], [ProjectDefinition], [CoObjectName], [CostElement], [CostElementDesc], [FiscalYear], [DocDate], [PostingDate], [CreatedOn], [TransactionCurrency], [ValueTranCurr], [ValueCoArea], [ValueHardCurr], [PurchasingDoc], [TotalQuantity], [Item], [PurchaseOrderText], [Name], [UserName], [Period]) VALUES (19, N'N/KRH1/11.08.02', N'1147216877', N'1859691', N'100024979', N'K', N'TM', N'RFT1', N'N/KRH1/11', N'DINAS', N'6001008100', N'EMPLOYEE TRAVEL EXPENSE', 2018, CAST(N'2018-05-15 00:00:00.000' AS DateTime), CAST(N'2018-05-15 00:00:00.000' AS DateTime), CAST(N'2018-05-15 00:00:00.000' AS DateTime), N'IDR', 3774048, 3774048, 269.19, NULL, NULL, N'0', NULL, N'*Trip from 18.03.18 To  24.03.18 to   Sungai Geron', N'SURYOWANDARU', N'5')
INSERT [dbo].[ActualCost] ([ActualCostId], [WBSElement], [DocNumber], [RefNumber], [DocNumber2], [OffsettingAccountType], [DocType], [OriginalBusTrans], [ProjectDefinition], [CoObjectName], [CostElement], [CostElementDesc], [FiscalYear], [DocDate], [PostingDate], [CreatedOn], [TransactionCurrency], [ValueTranCurr], [ValueCoArea], [ValueHardCurr], [PurchasingDoc], [TotalQuantity], [Item], [PurchaseOrderText], [Name], [UserName], [Period]) VALUES (20, N'N/KRH1/11.08.02', N'1147216885', N'1859693', N'100024981', N'K', N'TM', N'RFT1', N'N/KRH1/11', N'DINAS', N'6001008100', N'EMPLOYEE TRAVEL EXPENSE', 2018, CAST(N'2018-05-15 00:00:00.000' AS DateTime), CAST(N'2018-05-15 00:00:00.000' AS DateTime), CAST(N'2018-05-15 00:00:00.000' AS DateTime), N'IDR', 3309703, 3309703, 236.07, NULL, NULL, N'0', NULL, N'*Trip from 29.04.18 To  01.05.18 to   Karaha', N'SURYOWANDARU', N'5')
INSERT [dbo].[ActualCost] ([ActualCostId], [WBSElement], [DocNumber], [RefNumber], [DocNumber2], [OffsettingAccountType], [DocType], [OriginalBusTrans], [ProjectDefinition], [CoObjectName], [CostElement], [CostElementDesc], [FiscalYear], [DocDate], [PostingDate], [CreatedOn], [TransactionCurrency], [ValueTranCurr], [ValueCoArea], [ValueHardCurr], [PurchasingDoc], [TotalQuantity], [Item], [PurchaseOrderText], [Name], [UserName], [Period]) VALUES (21, N'N/KRH1/11.08.02', N'1147216876', N'1859690', N'100024978', N'K', N'TM', N'RFT1', N'N/KRH1/11', N'DINAS', N'6001008100', N'EMPLOYEE TRAVEL EXPENSE', 2018, CAST(N'2018-05-15 00:00:00.000' AS DateTime), CAST(N'2018-05-15 00:00:00.000' AS DateTime), CAST(N'2018-05-15 00:00:00.000' AS DateTime), N'IDR', 4239176, 4239176, 302.37, NULL, NULL, N'0', NULL, N'*Trip from 01.04.18 To  07.04.18 to   Sungai Geron', N'SURYOWANDARU', N'5')
INSERT [dbo].[ActualCost] ([ActualCostId], [WBSElement], [DocNumber], [RefNumber], [DocNumber2], [OffsettingAccountType], [DocType], [OriginalBusTrans], [ProjectDefinition], [CoObjectName], [CostElement], [CostElementDesc], [FiscalYear], [DocDate], [PostingDate], [CreatedOn], [TransactionCurrency], [ValueTranCurr], [ValueCoArea], [ValueHardCurr], [PurchasingDoc], [TotalQuantity], [Item], [PurchaseOrderText], [Name], [UserName], [Period]) VALUES (22, N'N/KRH1/11.08.02', N'1147220144', N'1859777', N'100025001', N'K', N'TM', N'RFT1', N'N/KRH1/11', N'DINAS', N'6001008100', N'EMPLOYEE TRAVEL EXPENSE', 2018, CAST(N'2018-05-15 00:00:00.000' AS DateTime), CAST(N'2018-05-15 00:00:00.000' AS DateTime), CAST(N'2018-05-15 00:00:00.000' AS DateTime), N'IDR', 2034250, 2034250, 145.1, NULL, NULL, N'0', NULL, N'*Trip from 24.04.18 To  26.04.18 to   Karaha', N'SURYOWANDARU', N'5')
INSERT [dbo].[ActualCost] ([ActualCostId], [WBSElement], [DocNumber], [RefNumber], [DocNumber2], [OffsettingAccountType], [DocType], [OriginalBusTrans], [ProjectDefinition], [CoObjectName], [CostElement], [CostElementDesc], [FiscalYear], [DocDate], [PostingDate], [CreatedOn], [TransactionCurrency], [ValueTranCurr], [ValueCoArea], [ValueHardCurr], [PurchasingDoc], [TotalQuantity], [Item], [PurchaseOrderText], [Name], [UserName], [Period]) VALUES (23, N'N/KRH1/11.08.02', N'1147216864', N'1859688', N'100024976', N'K', N'TM', N'RFT1', N'N/KRH1/11', N'DINAS', N'6001008100', N'EMPLOYEE TRAVEL EXPENSE', 2018, CAST(N'2018-05-15 00:00:00.000' AS DateTime), CAST(N'2018-05-15 00:00:00.000' AS DateTime), CAST(N'2018-05-15 00:00:00.000' AS DateTime), N'IDR', 4239176, 4239176, 302.37, NULL, NULL, N'0', NULL, N'*Trip from 01.04.18 To  07.04.18 to   Sungai Geron', N'SURYOWANDARU', N'5')
INSERT [dbo].[ActualCost] ([ActualCostId], [WBSElement], [DocNumber], [RefNumber], [DocNumber2], [OffsettingAccountType], [DocType], [OriginalBusTrans], [ProjectDefinition], [CoObjectName], [CostElement], [CostElementDesc], [FiscalYear], [DocDate], [PostingDate], [CreatedOn], [TransactionCurrency], [ValueTranCurr], [ValueCoArea], [ValueHardCurr], [PurchasingDoc], [TotalQuantity], [Item], [PurchaseOrderText], [Name], [UserName], [Period]) VALUES (24, N'N/KRH1/11.08.02', N'1147216866', N'1859689', N'100024977', N'K', N'TM', N'RFT1', N'N/KRH1/11', N'DINAS', N'6001008100', N'EMPLOYEE TRAVEL EXPENSE', 2018, CAST(N'2018-05-15 00:00:00.000' AS DateTime), CAST(N'2018-05-15 00:00:00.000' AS DateTime), CAST(N'2018-05-15 00:00:00.000' AS DateTime), N'IDR', 4239176, 4239176, 302.37, NULL, NULL, N'0', NULL, N'*Trip from 01.04.18 To  07.04.18 to   Sungai Geron', N'SURYOWANDARU', N'5')
INSERT [dbo].[ActualCost] ([ActualCostId], [WBSElement], [DocNumber], [RefNumber], [DocNumber2], [OffsettingAccountType], [DocType], [OriginalBusTrans], [ProjectDefinition], [CoObjectName], [CostElement], [CostElementDesc], [FiscalYear], [DocDate], [PostingDate], [CreatedOn], [TransactionCurrency], [ValueTranCurr], [ValueCoArea], [ValueHardCurr], [PurchasingDoc], [TotalQuantity], [Item], [PurchaseOrderText], [Name], [UserName], [Period]) VALUES (25, N'N/KRH1/11.08.02', N'1148310020', N'1878635', N'100035726', N'K', N'TM', N'RFT1', N'N/KRH1/11', N'DINAS', N'6001008100', N'EMPLOYEE TRAVEL EXPENSE', 2018, CAST(N'2018-07-28 00:00:00.000' AS DateTime), CAST(N'2018-07-28 00:00:00.000' AS DateTime), CAST(N'2018-07-28 00:00:00.000' AS DateTime), N'IDR', 4015000, 4015000, 277.22, NULL, NULL, N'0', NULL, N'*Trip from 16.04.18 To  20.04.18 to   Karaha', N'FEBRIANAS', N'7')
INSERT [dbo].[ActualCost] ([ActualCostId], [WBSElement], [DocNumber], [RefNumber], [DocNumber2], [OffsettingAccountType], [DocType], [OriginalBusTrans], [ProjectDefinition], [CoObjectName], [CostElement], [CostElementDesc], [FiscalYear], [DocDate], [PostingDate], [CreatedOn], [TransactionCurrency], [ValueTranCurr], [ValueCoArea], [ValueHardCurr], [PurchasingDoc], [TotalQuantity], [Item], [PurchaseOrderText], [Name], [UserName], [Period]) VALUES (26, N'N/KRH1/11.08.02', N'1148070351', N'1872716', N'100033900', N'K', N'TM', N'RFT1', N'N/KRH1/11', N'DINAS', N'6001008100', N'EMPLOYEE TRAVEL EXPENSE', 2018, CAST(N'2018-07-12 00:00:00.000' AS DateTime), CAST(N'2018-07-12 00:00:00.000' AS DateTime), CAST(N'2018-07-12 00:00:00.000' AS DateTime), N'IDR', 3275100, 3275100, 227.58, NULL, NULL, N'0', NULL, N'*Trip from 30.05.18 To  31.05.18 to   Karaha', N'SURYOWANDARU', N'7')
INSERT [dbo].[ActualCost] ([ActualCostId], [WBSElement], [DocNumber], [RefNumber], [DocNumber2], [OffsettingAccountType], [DocType], [OriginalBusTrans], [ProjectDefinition], [CoObjectName], [CostElement], [CostElementDesc], [FiscalYear], [DocDate], [PostingDate], [CreatedOn], [TransactionCurrency], [ValueTranCurr], [ValueCoArea], [ValueHardCurr], [PurchasingDoc], [TotalQuantity], [Item], [PurchaseOrderText], [Name], [UserName], [Period]) VALUES (27, N'N/KRH1/11.08.02', N'1147953260', N'1870995', N'100031783', N'K', N'TM', N'RFT1', N'N/KRH1/11', N'DINAS', N'6001008100', N'EMPLOYEE TRAVEL EXPENSE', 2018, CAST(N'2018-07-05 00:00:00.000' AS DateTime), CAST(N'2018-07-05 00:00:00.000' AS DateTime), CAST(N'2018-07-05 00:00:00.000' AS DateTime), N'IDR', 2340000, 2340000, 162.65, NULL, NULL, N'0', NULL, N'*Trip from 30.05.18 To  31.05.18 to   Karaha', N'SURYOWANDARU', N'7')
INSERT [dbo].[ActualCost] ([ActualCostId], [WBSElement], [DocNumber], [RefNumber], [DocNumber2], [OffsettingAccountType], [DocType], [OriginalBusTrans], [ProjectDefinition], [CoObjectName], [CostElement], [CostElementDesc], [FiscalYear], [DocDate], [PostingDate], [CreatedOn], [TransactionCurrency], [ValueTranCurr], [ValueCoArea], [ValueHardCurr], [PurchasingDoc], [TotalQuantity], [Item], [PurchaseOrderText], [Name], [UserName], [Period]) VALUES (28, N'N/KRH1/11.06.1', N'5000003313', N'1870995', N'5000003313', N'K', N'TM', N'RFT1', N'N/KRH1/11', N'DINAS', N'6001008100', N'EMPLOYEE TRAVEL EXPENSE', 2018, CAST(N'2018-07-05 00:00:00.000' AS DateTime), CAST(N'2018-07-05 00:00:00.000' AS DateTime), CAST(N'2018-07-05 00:00:00.000' AS DateTime), N'USD', 6838100, 97135210500, 6838100, NULL, NULL, N'0', NULL, N'KRH, EPCC', N'SURYOWANDARU', N'7')
INSERT [dbo].[ActualCost] ([ActualCostId], [WBSElement], [DocNumber], [RefNumber], [DocNumber2], [OffsettingAccountType], [DocType], [OriginalBusTrans], [ProjectDefinition], [CoObjectName], [CostElement], [CostElementDesc], [FiscalYear], [DocDate], [PostingDate], [CreatedOn], [TransactionCurrency], [ValueTranCurr], [ValueCoArea], [ValueHardCurr], [PurchasingDoc], [TotalQuantity], [Item], [PurchaseOrderText], [Name], [UserName], [Period]) VALUES (29, N'N/KRH1/11.06.1', N'5000003314', N'1870995', N'5000003314', N'K', N'TM', N'RFT1', N'N/KRH1/11', N'DINAS', N'6001008100', N'EMPLOYEE TRAVEL EXPENSE', 2018, CAST(N'2018-07-05 00:00:00.000' AS DateTime), CAST(N'2018-07-05 00:00:00.000' AS DateTime), CAST(N'2018-07-05 00:00:00.000' AS DateTime), N'USD', 359900, 5112379500, 359900, NULL, NULL, N'0', NULL, N'KRH, EPCC', N'SURYOWANDARU', N'7')
INSERT [dbo].[ActualCost] ([ActualCostId], [WBSElement], [DocNumber], [RefNumber], [DocNumber2], [OffsettingAccountType], [DocType], [OriginalBusTrans], [ProjectDefinition], [CoObjectName], [CostElement], [CostElementDesc], [FiscalYear], [DocDate], [PostingDate], [CreatedOn], [TransactionCurrency], [ValueTranCurr], [ValueCoArea], [ValueHardCurr], [PurchasingDoc], [TotalQuantity], [Item], [PurchaseOrderText], [Name], [UserName], [Period]) VALUES (30, N'N/KRH1/11.08.02', N'100024567', N'1870995', N'100024567', N'K', N'TM', N'RFT1', N'N/KRH1/11', N'DINAS', N'6001008100', N'EMPLOYEE TRAVEL EXPENSE', 2018, CAST(N'2018-07-05 00:00:00.000' AS DateTime), CAST(N'2018-07-05 00:00:00.000' AS DateTime), CAST(N'2018-07-05 00:00:00.000' AS DateTime), N'IDR', 2940000, 2940000, 209.46, NULL, NULL, N'0', NULL, N'Dinas 1', N'SURYOWANDARU', N'7')
INSERT [dbo].[ActualCost] ([ActualCostId], [WBSElement], [DocNumber], [RefNumber], [DocNumber2], [OffsettingAccountType], [DocType], [OriginalBusTrans], [ProjectDefinition], [CoObjectName], [CostElement], [CostElementDesc], [FiscalYear], [DocDate], [PostingDate], [CreatedOn], [TransactionCurrency], [ValueTranCurr], [ValueCoArea], [ValueHardCurr], [PurchasingDoc], [TotalQuantity], [Item], [PurchaseOrderText], [Name], [UserName], [Period]) VALUES (31, N'N/KRH1/11.08.02', N'100024566', N'1870995', N'100024566', N'K', N'TM', N'RFT1', N'N/KRH1/11', N'DINAS', N'6001008100', N'EMPLOYEE TRAVEL EXPENSE', 2018, CAST(N'2018-07-05 00:00:00.000' AS DateTime), CAST(N'2018-07-05 00:00:00.000' AS DateTime), CAST(N'2018-07-05 00:00:00.000' AS DateTime), N'IDR', 4090000, 4090000, 291.39, NULL, NULL, N'0', NULL, N'Dinas 2', N'SURYOWANDARU', N'7')
INSERT [dbo].[ActualCost] ([ActualCostId], [WBSElement], [DocNumber], [RefNumber], [DocNumber2], [OffsettingAccountType], [DocType], [OriginalBusTrans], [ProjectDefinition], [CoObjectName], [CostElement], [CostElementDesc], [FiscalYear], [DocDate], [PostingDate], [CreatedOn], [TransactionCurrency], [ValueTranCurr], [ValueCoArea], [ValueHardCurr], [PurchasingDoc], [TotalQuantity], [Item], [PurchaseOrderText], [Name], [UserName], [Period]) VALUES (32, N'N/KRH1/11.08.02', N'100024912', N'1870995', N'100024912', N'K', N'TM', N'RFT1', N'N/KRH1/11', N'EMPLOYEE TRAVEL EXPENSE', N'6001008100', N'EMPLOYEE TRAVEL EXPENSE', 2018, CAST(N'2018-07-05 00:00:00.000' AS DateTime), CAST(N'2018-07-05 00:00:00.000' AS DateTime), CAST(N'2018-07-05 00:00:00.000' AS DateTime), N'IDR', 2265000, 2265000, 162.06, NULL, NULL, N'0', NULL, N'*Trip from 17.04.18 To  19.04.18 to   Karahabodas', N'SURYOWANDARU', N'7')
INSERT [dbo].[ActualCost] ([ActualCostId], [WBSElement], [DocNumber], [RefNumber], [DocNumber2], [OffsettingAccountType], [DocType], [OriginalBusTrans], [ProjectDefinition], [CoObjectName], [CostElement], [CostElementDesc], [FiscalYear], [DocDate], [PostingDate], [CreatedOn], [TransactionCurrency], [ValueTranCurr], [ValueCoArea], [ValueHardCurr], [PurchasingDoc], [TotalQuantity], [Item], [PurchaseOrderText], [Name], [UserName], [Period]) VALUES (33, N'N/KRH1/11.08.02', N'100025036', N'1870995', N'100025036', N'K', N'TM', N'RFT1', N'N/KRH1/11', N'EMPLOYEE TRAVEL EXPENSE', N'6001008100', N'EMPLOYEE TRAVEL EXPENSE', 2018, CAST(N'2018-07-05 00:00:00.000' AS DateTime), CAST(N'2018-07-05 00:00:00.000' AS DateTime), CAST(N'2018-07-05 00:00:00.000' AS DateTime), N'IDR', 8637880, 8637880, 616.11, NULL, NULL, N'0', NULL, N'*Trip from 22.04.18 To  27.04.18 to   Bandung', N'SURYOWANDARU', N'7')
INSERT [dbo].[ActualCost] ([ActualCostId], [WBSElement], [DocNumber], [RefNumber], [DocNumber2], [OffsettingAccountType], [DocType], [OriginalBusTrans], [ProjectDefinition], [CoObjectName], [CostElement], [CostElementDesc], [FiscalYear], [DocDate], [PostingDate], [CreatedOn], [TransactionCurrency], [ValueTranCurr], [ValueCoArea], [ValueHardCurr], [PurchasingDoc], [TotalQuantity], [Item], [PurchaseOrderText], [Name], [UserName], [Period]) VALUES (34, N'N/KRH1/11.08.02', N'100025038', N'1870995', N'100025038', N'K', N'TM', N'RFT1', N'N/KRH1/11', N'EMPLOYEE TRAVEL EXPENSE', N'6001008100', N'EMPLOYEE TRAVEL EXPENSE', 2018, CAST(N'2018-07-05 00:00:00.000' AS DateTime), CAST(N'2018-07-05 00:00:00.000' AS DateTime), CAST(N'2018-07-05 00:00:00.000' AS DateTime), N'IDR', 940000, 940000, 67.05, NULL, NULL, N'0', NULL, N'*Trip from 02.05.18 To  02.05.18 to   Bandung', N'SURYOWANDARU', N'7')
INSERT [dbo].[ActualCost] ([ActualCostId], [WBSElement], [DocNumber], [RefNumber], [DocNumber2], [OffsettingAccountType], [DocType], [OriginalBusTrans], [ProjectDefinition], [CoObjectName], [CostElement], [CostElementDesc], [FiscalYear], [DocDate], [PostingDate], [CreatedOn], [TransactionCurrency], [ValueTranCurr], [ValueCoArea], [ValueHardCurr], [PurchasingDoc], [TotalQuantity], [Item], [PurchaseOrderText], [Name], [UserName], [Period]) VALUES (35, N'N/KRH1/11.08.02', N'100025040', N'1870995', N'100025040', N'K', N'TM', N'RFT1', N'N/KRH1/11', N'EMPLOYEE TRAVEL EXPENSE', N'6001008100', N'EMPLOYEE TRAVEL EXPENSE', 2018, CAST(N'2018-07-05 00:00:00.000' AS DateTime), CAST(N'2018-07-05 00:00:00.000' AS DateTime), CAST(N'2018-07-05 00:00:00.000' AS DateTime), N'IDR', 2453257, 2453257, 174.98, NULL, NULL, N'0', NULL, N'*Trip from 12.04.18 To  13.04.18 to   Jakarta', N'SURYOWANDARU', N'7')
INSERT [dbo].[ActualCost] ([ActualCostId], [WBSElement], [DocNumber], [RefNumber], [DocNumber2], [OffsettingAccountType], [DocType], [OriginalBusTrans], [ProjectDefinition], [CoObjectName], [CostElement], [CostElementDesc], [FiscalYear], [DocDate], [PostingDate], [CreatedOn], [TransactionCurrency], [ValueTranCurr], [ValueCoArea], [ValueHardCurr], [PurchasingDoc], [TotalQuantity], [Item], [PurchaseOrderText], [Name], [UserName], [Period]) VALUES (36, N'N/KRH1/11.08.02', N'100025041', N'1870995', N'100025041', N'K', N'TM', N'RFT1', N'N/KRH1/11', N'EMPLOYEE TRAVEL EXPENSE', N'6001008100', N'EMPLOYEE TRAVEL EXPENSE', 2018, CAST(N'2018-07-05 00:00:00.000' AS DateTime), CAST(N'2018-07-05 00:00:00.000' AS DateTime), CAST(N'2018-07-05 00:00:00.000' AS DateTime), N'IDR', 6080000, 6080000, 433.67, NULL, NULL, N'0', NULL, N'*Trip from 23.04.18 To  28.04.18 to   Bandung', N'SURYOWANDARU', N'7')
INSERT [dbo].[ActualCost] ([ActualCostId], [WBSElement], [DocNumber], [RefNumber], [DocNumber2], [OffsettingAccountType], [DocType], [OriginalBusTrans], [ProjectDefinition], [CoObjectName], [CostElement], [CostElementDesc], [FiscalYear], [DocDate], [PostingDate], [CreatedOn], [TransactionCurrency], [ValueTranCurr], [ValueCoArea], [ValueHardCurr], [PurchasingDoc], [TotalQuantity], [Item], [PurchaseOrderText], [Name], [UserName], [Period]) VALUES (37, N'N/KRH1/11.08.02', N'100025037', N'1870995', N'100025037', N'K', N'TM', N'RFT1', N'N/KRH1/11', N'EMPLOYEE TRAVEL EXPENSE', N'6001008100', N'EMPLOYEE TRAVEL EXPENSE', 2018, CAST(N'2018-07-05 00:00:00.000' AS DateTime), CAST(N'2018-07-05 00:00:00.000' AS DateTime), CAST(N'2018-07-05 00:00:00.000' AS DateTime), N'IDR', 2552770, 2552770, 182.08, NULL, NULL, N'0', NULL, N'*Trip from 19.04.18 To  20.04.18 to   Jakarta', N'SURYOWANDARU', N'7')
INSERT [dbo].[ActualCost] ([ActualCostId], [WBSElement], [DocNumber], [RefNumber], [DocNumber2], [OffsettingAccountType], [DocType], [OriginalBusTrans], [ProjectDefinition], [CoObjectName], [CostElement], [CostElementDesc], [FiscalYear], [DocDate], [PostingDate], [CreatedOn], [TransactionCurrency], [ValueTranCurr], [ValueCoArea], [ValueHardCurr], [PurchasingDoc], [TotalQuantity], [Item], [PurchaseOrderText], [Name], [UserName], [Period]) VALUES (38, N'N/KRH1/11.08.02', N'100025039', N'1870995', N'100025039', N'K', N'TM', N'RFT1', N'N/KRH1/11', N'EMPLOYEE TRAVEL EXPENSE', N'6001008100', N'EMPLOYEE TRAVEL EXPENSE', 2018, CAST(N'2018-07-05 00:00:00.000' AS DateTime), CAST(N'2018-07-05 00:00:00.000' AS DateTime), CAST(N'2018-07-05 00:00:00.000' AS DateTime), N'IDR', 11581991, 11581991, 826.1, NULL, NULL, N'0', NULL, N'*Trip from 19.04.18 To  28.04.18 to   Jakarta', N'SURYOWANDARU', N'7')
INSERT [dbo].[ActualCost] ([ActualCostId], [WBSElement], [DocNumber], [RefNumber], [DocNumber2], [OffsettingAccountType], [DocType], [OriginalBusTrans], [ProjectDefinition], [CoObjectName], [CostElement], [CostElementDesc], [FiscalYear], [DocDate], [PostingDate], [CreatedOn], [TransactionCurrency], [ValueTranCurr], [ValueCoArea], [ValueHardCurr], [PurchasingDoc], [TotalQuantity], [Item], [PurchaseOrderText], [Name], [UserName], [Period]) VALUES (39, N'N/KRH1/11.08.02', N'100024979', N'1870995', N'100024979', N'K', N'TM', N'RFT1', N'N/KRH1/11', N'EMPLOYEE TRAVEL EXPENSE', N'6001008100', N'EMPLOYEE TRAVEL EXPENSE', 2018, CAST(N'2018-07-05 00:00:00.000' AS DateTime), CAST(N'2018-07-05 00:00:00.000' AS DateTime), CAST(N'2018-07-05 00:00:00.000' AS DateTime), N'IDR', 3774048, 3774048, 269.19, NULL, NULL, N'0', NULL, N'*Trip from 18.03.18 To  24.03.18 to   Sungai Geron', N'SURYOWANDARU', N'7')
INSERT [dbo].[ActualCost] ([ActualCostId], [WBSElement], [DocNumber], [RefNumber], [DocNumber2], [OffsettingAccountType], [DocType], [OriginalBusTrans], [ProjectDefinition], [CoObjectName], [CostElement], [CostElementDesc], [FiscalYear], [DocDate], [PostingDate], [CreatedOn], [TransactionCurrency], [ValueTranCurr], [ValueCoArea], [ValueHardCurr], [PurchasingDoc], [TotalQuantity], [Item], [PurchaseOrderText], [Name], [UserName], [Period]) VALUES (40, N'N/KRH1/11.08.02', N'100024981', N'1870995', N'100024981', N'K', N'TM', N'RFT1', N'N/KRH1/11', N'EMPLOYEE TRAVEL EXPENSE', N'6001008100', N'EMPLOYEE TRAVEL EXPENSE', 2018, CAST(N'2018-07-05 00:00:00.000' AS DateTime), CAST(N'2018-07-05 00:00:00.000' AS DateTime), CAST(N'2018-07-05 00:00:00.000' AS DateTime), N'IDR', 3309703, 3309703, 236.07, NULL, NULL, N'0', NULL, N'*Trip from 29.04.18 To  01.05.18 to   Karaha', N'SURYOWANDARU', N'7')
INSERT [dbo].[ActualCost] ([ActualCostId], [WBSElement], [DocNumber], [RefNumber], [DocNumber2], [OffsettingAccountType], [DocType], [OriginalBusTrans], [ProjectDefinition], [CoObjectName], [CostElement], [CostElementDesc], [FiscalYear], [DocDate], [PostingDate], [CreatedOn], [TransactionCurrency], [ValueTranCurr], [ValueCoArea], [ValueHardCurr], [PurchasingDoc], [TotalQuantity], [Item], [PurchaseOrderText], [Name], [UserName], [Period]) VALUES (41, N'N/KRH1/11.08.02', N'100024978', N'1870995', N'100024978', N'K', N'TM', N'RFT1', N'N/KRH1/11', N'EMPLOYEE TRAVEL EXPENSE', N'6001008100', N'EMPLOYEE TRAVEL EXPENSE', 2018, CAST(N'2018-07-05 00:00:00.000' AS DateTime), CAST(N'2018-07-05 00:00:00.000' AS DateTime), CAST(N'2018-07-05 00:00:00.000' AS DateTime), N'IDR', 4239176, 4239176, 302.37, NULL, NULL, N'0', NULL, N'*Trip from 01.04.18 To  07.04.18 to   Sungai Geron', N'SURYOWANDARU', N'7')
INSERT [dbo].[ActualCost] ([ActualCostId], [WBSElement], [DocNumber], [RefNumber], [DocNumber2], [OffsettingAccountType], [DocType], [OriginalBusTrans], [ProjectDefinition], [CoObjectName], [CostElement], [CostElementDesc], [FiscalYear], [DocDate], [PostingDate], [CreatedOn], [TransactionCurrency], [ValueTranCurr], [ValueCoArea], [ValueHardCurr], [PurchasingDoc], [TotalQuantity], [Item], [PurchaseOrderText], [Name], [UserName], [Period]) VALUES (42, N'N/KRH1/11.08.02', N'100025001', N'1870995', N'100025001', N'K', N'TM', N'RFT1', N'N/KRH1/11', N'EMPLOYEE TRAVEL EXPENSE', N'6001008100', N'EMPLOYEE TRAVEL EXPENSE', 2018, CAST(N'2018-07-05 00:00:00.000' AS DateTime), CAST(N'2018-07-05 00:00:00.000' AS DateTime), CAST(N'2018-07-05 00:00:00.000' AS DateTime), N'IDR', 2034250, 2034250, 145.1, NULL, NULL, N'0', NULL, N'*Trip from 24.04.18 To  26.04.18 to   Karaha', N'SURYOWANDARU', N'7')
INSERT [dbo].[ActualCost] ([ActualCostId], [WBSElement], [DocNumber], [RefNumber], [DocNumber2], [OffsettingAccountType], [DocType], [OriginalBusTrans], [ProjectDefinition], [CoObjectName], [CostElement], [CostElementDesc], [FiscalYear], [DocDate], [PostingDate], [CreatedOn], [TransactionCurrency], [ValueTranCurr], [ValueCoArea], [ValueHardCurr], [PurchasingDoc], [TotalQuantity], [Item], [PurchaseOrderText], [Name], [UserName], [Period]) VALUES (43, N'N/KRH1/11.08.02', N'100024976', N'1870995', N'100024976', N'K', N'TM', N'RFT1', N'N/KRH1/11', N'EMPLOYEE TRAVEL EXPENSE', N'6001008100', N'EMPLOYEE TRAVEL EXPENSE', 2018, CAST(N'2018-07-05 00:00:00.000' AS DateTime), CAST(N'2018-07-05 00:00:00.000' AS DateTime), CAST(N'2018-07-05 00:00:00.000' AS DateTime), N'IDR', 4239176, 4239176, 302.37, NULL, NULL, N'0', NULL, N'*Trip from 01.04.18 To  07.04.18 to   Sungai Geron', N'SURYOWANDARU', N'7')
INSERT [dbo].[ActualCost] ([ActualCostId], [WBSElement], [DocNumber], [RefNumber], [DocNumber2], [OffsettingAccountType], [DocType], [OriginalBusTrans], [ProjectDefinition], [CoObjectName], [CostElement], [CostElementDesc], [FiscalYear], [DocDate], [PostingDate], [CreatedOn], [TransactionCurrency], [ValueTranCurr], [ValueCoArea], [ValueHardCurr], [PurchasingDoc], [TotalQuantity], [Item], [PurchaseOrderText], [Name], [UserName], [Period]) VALUES (44, N'N/KRH1/11.08.02', N'100024977', N'1870995', N'100024977', N'K', N'TM', N'RFT1', N'N/KRH1/11', N'EMPLOYEE TRAVEL EXPENSE', N'6001008100', N'EMPLOYEE TRAVEL EXPENSE', 2018, CAST(N'2018-07-05 00:00:00.000' AS DateTime), CAST(N'2018-07-05 00:00:00.000' AS DateTime), CAST(N'2018-07-05 00:00:00.000' AS DateTime), N'IDR', 4239176, 4239176, 302.37, NULL, NULL, N'0', NULL, N'*Trip from 01.04.18 To  07.04.18 to   Sungai Geron', N'SURYOWANDARU', N'7')
INSERT [dbo].[ActualCost] ([ActualCostId], [WBSElement], [DocNumber], [RefNumber], [DocNumber2], [OffsettingAccountType], [DocType], [OriginalBusTrans], [ProjectDefinition], [CoObjectName], [CostElement], [CostElementDesc], [FiscalYear], [DocDate], [PostingDate], [CreatedOn], [TransactionCurrency], [ValueTranCurr], [ValueCoArea], [ValueHardCurr], [PurchasingDoc], [TotalQuantity], [Item], [PurchaseOrderText], [Name], [UserName], [Period]) VALUES (45, N'N/KRH1/11.08.02', N'100035726', N'1870995', N'100035726', N'K', N'TM', N'RFT1', N'N/KRH1/11', N'EMPLOYEE TRAVEL EXPENSE', N'6001008100', N'EMPLOYEE TRAVEL EXPENSE', 2018, CAST(N'2018-07-05 00:00:00.000' AS DateTime), CAST(N'2018-07-05 00:00:00.000' AS DateTime), CAST(N'2018-07-05 00:00:00.000' AS DateTime), N'IDR', 4015000, 4015000, 277.22, NULL, NULL, N'0', NULL, N'*Trip from 16.04.18 To  20.04.18 to   Karaha', N'SURYOWANDARU', N'7')
INSERT [dbo].[ActualCost] ([ActualCostId], [WBSElement], [DocNumber], [RefNumber], [DocNumber2], [OffsettingAccountType], [DocType], [OriginalBusTrans], [ProjectDefinition], [CoObjectName], [CostElement], [CostElementDesc], [FiscalYear], [DocDate], [PostingDate], [CreatedOn], [TransactionCurrency], [ValueTranCurr], [ValueCoArea], [ValueHardCurr], [PurchasingDoc], [TotalQuantity], [Item], [PurchaseOrderText], [Name], [UserName], [Period]) VALUES (46, N'N/KRH1/11.08.02', N'100033900', N'1870995', N'100033900', N'K', N'TM', N'RFT1', N'N/KRH1/11', N'EMPLOYEE TRAVEL EXPENSE', N'6001008100', N'EMPLOYEE TRAVEL EXPENSE', 2018, CAST(N'2018-07-05 00:00:00.000' AS DateTime), CAST(N'2018-07-05 00:00:00.000' AS DateTime), CAST(N'2018-07-05 00:00:00.000' AS DateTime), N'IDR', 3275100, 3275100, 227.58, NULL, NULL, N'0', NULL, N'*Trip from 30.05.18 To  31.05.18 to   Karaha', N'SURYOWANDARU', N'7')
INSERT [dbo].[ActualCost] ([ActualCostId], [WBSElement], [DocNumber], [RefNumber], [DocNumber2], [OffsettingAccountType], [DocType], [OriginalBusTrans], [ProjectDefinition], [CoObjectName], [CostElement], [CostElementDesc], [FiscalYear], [DocDate], [PostingDate], [CreatedOn], [TransactionCurrency], [ValueTranCurr], [ValueCoArea], [ValueHardCurr], [PurchasingDoc], [TotalQuantity], [Item], [PurchaseOrderText], [Name], [UserName], [Period]) VALUES (47, N'N/KRH1/11.08.02', N'100031783', N'1870995', N'100031783', N'K', N'TM', N'RFT1', N'N/KRH1/11', N'EMPLOYEE TRAVEL EXPENSE', N'6001008100', N'EMPLOYEE TRAVEL EXPENSE', 2018, CAST(N'2018-07-05 00:00:00.000' AS DateTime), CAST(N'2018-07-05 00:00:00.000' AS DateTime), CAST(N'2018-07-05 00:00:00.000' AS DateTime), N'IDR', 2340000, 2340000, 162.65, NULL, NULL, N'0', NULL, N'*Trip from 30.05.18 To  31.05.18 to   Karaha', N'SURYOWANDARU', N'7')
INSERT [dbo].[ActualCost] ([ActualCostId], [WBSElement], [DocNumber], [RefNumber], [DocNumber2], [OffsettingAccountType], [DocType], [OriginalBusTrans], [ProjectDefinition], [CoObjectName], [CostElement], [CostElementDesc], [FiscalYear], [DocDate], [PostingDate], [CreatedOn], [TransactionCurrency], [ValueTranCurr], [ValueCoArea], [ValueHardCurr], [PurchasingDoc], [TotalQuantity], [Item], [PurchaseOrderText], [Name], [UserName], [Period]) VALUES (48, N'N/KRH1/11.08.02', N'100029250', N'1870995', N'100029250', N'K', N'TM', N'RFT1', N'N/KRH1/11', N'EMPLOYEE TRAVEL EXPENSE', N'6001008100', N'EMPLOYEE TRAVEL EXPENSE', 2018, CAST(N'2018-07-05 00:00:00.000' AS DateTime), CAST(N'2018-07-05 00:00:00.000' AS DateTime), CAST(N'2018-07-05 00:00:00.000' AS DateTime), N'USD', NULL, NULL, -0.01, NULL, NULL, N'0', NULL, N'AUC POST', N'SURYOWANDARU', N'7')
INSERT [dbo].[ActualCost] ([ActualCostId], [WBSElement], [DocNumber], [RefNumber], [DocNumber2], [OffsettingAccountType], [DocType], [OriginalBusTrans], [ProjectDefinition], [CoObjectName], [CostElement], [CostElementDesc], [FiscalYear], [DocDate], [PostingDate], [CreatedOn], [TransactionCurrency], [ValueTranCurr], [ValueCoArea], [ValueHardCurr], [PurchasingDoc], [TotalQuantity], [Item], [PurchaseOrderText], [Name], [UserName], [Period]) VALUES (49, N'N/KRH1/11.08.02', N'100039289', N'1870995', N'100039289', N'K', N'TM', N'RFT1', N'N/KRH1/11', N'EMPLOYEE TRAVEL EXPENSE', N'6001008100', N'EMPLOYEE TRAVEL EXPENSE', 2018, CAST(N'2018-07-05 00:00:00.000' AS DateTime), CAST(N'2018-07-05 00:00:00.000' AS DateTime), CAST(N'2018-07-05 00:00:00.000' AS DateTime), N'USD', NULL, NULL, 0.62, NULL, NULL, N'0', NULL, N'AUC POST', N'SURYOWANDARU', N'7')
INSERT [dbo].[ActualCost] ([ActualCostId], [WBSElement], [DocNumber], [RefNumber], [DocNumber2], [OffsettingAccountType], [DocType], [OriginalBusTrans], [ProjectDefinition], [CoObjectName], [CostElement], [CostElementDesc], [FiscalYear], [DocDate], [PostingDate], [CreatedOn], [TransactionCurrency], [ValueTranCurr], [ValueCoArea], [ValueHardCurr], [PurchasingDoc], [TotalQuantity], [Item], [PurchaseOrderText], [Name], [UserName], [Period]) VALUES (50, N'N/KRH1/11.08.04', N'5100003108', N'1870995', N'5100003108', N'K', N'TM', N'RFT1', N'N/KRH1/11', N'OFFICE MANAGEMENT EXPENSE', N'6001008100', N'EMPLOYEE TRAVEL EXPENSE', 2018, CAST(N'2018-07-05 00:00:00.000' AS DateTime), CAST(N'2018-07-05 00:00:00.000' AS DateTime), CAST(N'2018-07-05 00:00:00.000' AS DateTime), N'IDR', 39862861, 39862861, 2840.04, NULL, NULL, N'0', NULL, N'AUC POST', N'SURYOWANDARU', N'7')
INSERT [dbo].[ActualCost] ([ActualCostId], [WBSElement], [DocNumber], [RefNumber], [DocNumber2], [OffsettingAccountType], [DocType], [OriginalBusTrans], [ProjectDefinition], [CoObjectName], [CostElement], [CostElementDesc], [FiscalYear], [DocDate], [PostingDate], [CreatedOn], [TransactionCurrency], [ValueTranCurr], [ValueCoArea], [ValueHardCurr], [PurchasingDoc], [TotalQuantity], [Item], [PurchaseOrderText], [Name], [UserName], [Period]) VALUES (51, N'N/KRH1/11.08.04', N'5100003125', N'1870995', N'5100003125', N'K', N'TM', N'RFT1', N'N/KRH1/11', N'OFFICE MANAGEMENT EXPENSE', N'6001008100', N'EMPLOYEE TRAVEL EXPENSE', 2018, CAST(N'2018-07-05 00:00:00.000' AS DateTime), CAST(N'2018-07-05 00:00:00.000' AS DateTime), CAST(N'2018-07-05 00:00:00.000' AS DateTime), N'IDR', 6558000, 6558000, 465.97, NULL, NULL, N'0', NULL, N'AUC POST', N'SURYOWANDARU', N'7')
INSERT [dbo].[ActualCost] ([ActualCostId], [WBSElement], [DocNumber], [RefNumber], [DocNumber2], [OffsettingAccountType], [DocType], [OriginalBusTrans], [ProjectDefinition], [CoObjectName], [CostElement], [CostElementDesc], [FiscalYear], [DocDate], [PostingDate], [CreatedOn], [TransactionCurrency], [ValueTranCurr], [ValueCoArea], [ValueHardCurr], [PurchasingDoc], [TotalQuantity], [Item], [PurchaseOrderText], [Name], [UserName], [Period]) VALUES (52, N'N/KRH1/11.08.04', N'5100003126', N'1870995', N'5100003126', N'K', N'TM', N'RFT1', N'N/KRH1/11', N'OFFICE MANAGEMENT EXPENSE', N'6001008100', N'EMPLOYEE TRAVEL EXPENSE', 2018, CAST(N'2018-07-05 00:00:00.000' AS DateTime), CAST(N'2018-07-05 00:00:00.000' AS DateTime), CAST(N'2018-07-05 00:00:00.000' AS DateTime), N'IDR', 8976159, 8976159, 637.78, NULL, NULL, N'0', NULL, N'AUC POST', N'SURYOWANDARU', N'7')
INSERT [dbo].[ActualCost] ([ActualCostId], [WBSElement], [DocNumber], [RefNumber], [DocNumber2], [OffsettingAccountType], [DocType], [OriginalBusTrans], [ProjectDefinition], [CoObjectName], [CostElement], [CostElementDesc], [FiscalYear], [DocDate], [PostingDate], [CreatedOn], [TransactionCurrency], [ValueTranCurr], [ValueCoArea], [ValueHardCurr], [PurchasingDoc], [TotalQuantity], [Item], [PurchaseOrderText], [Name], [UserName], [Period]) VALUES (53, N'N/KRH1/11.08.04', N'5100003166', N'1870995', N'5100003166', N'K', N'TM', N'RFT1', N'N/KRH1/11', N'OFFICE MANAGEMENT EXPENSE', N'6001008100', N'EMPLOYEE TRAVEL EXPENSE', 2018, CAST(N'2018-07-05 00:00:00.000' AS DateTime), CAST(N'2018-07-05 00:00:00.000' AS DateTime), CAST(N'2018-07-05 00:00:00.000' AS DateTime), N'IDR', 4999690, 4999690, 357.73, NULL, NULL, N'0', NULL, N'AUC POST', N'SURYOWANDARU', N'7')
INSERT [dbo].[ActualCost] ([ActualCostId], [WBSElement], [DocNumber], [RefNumber], [DocNumber2], [OffsettingAccountType], [DocType], [OriginalBusTrans], [ProjectDefinition], [CoObjectName], [CostElement], [CostElementDesc], [FiscalYear], [DocDate], [PostingDate], [CreatedOn], [TransactionCurrency], [ValueTranCurr], [ValueCoArea], [ValueHardCurr], [PurchasingDoc], [TotalQuantity], [Item], [PurchaseOrderText], [Name], [UserName], [Period]) VALUES (54, N'N/KRH1/11.08.04', N'5100003165', N'1870995', N'5100003165', N'K', N'TM', N'RFT1', N'N/KRH1/11', N'OFFICE MANAGEMENT EXPENSE', N'6001008100', N'EMPLOYEE TRAVEL EXPENSE', 2018, CAST(N'2018-07-05 00:00:00.000' AS DateTime), CAST(N'2018-07-05 00:00:00.000' AS DateTime), CAST(N'2018-07-05 00:00:00.000' AS DateTime), N'IDR', 5444671, 5444671, 389.57, NULL, NULL, N'0', NULL, N'AUC POST', N'SURYOWANDARU', N'7')
INSERT [dbo].[ActualCost] ([ActualCostId], [WBSElement], [DocNumber], [RefNumber], [DocNumber2], [OffsettingAccountType], [DocType], [OriginalBusTrans], [ProjectDefinition], [CoObjectName], [CostElement], [CostElementDesc], [FiscalYear], [DocDate], [PostingDate], [CreatedOn], [TransactionCurrency], [ValueTranCurr], [ValueCoArea], [ValueHardCurr], [PurchasingDoc], [TotalQuantity], [Item], [PurchaseOrderText], [Name], [UserName], [Period]) VALUES (55, N'N/KRH1/11.08.04', N'5100003167', N'1870995', N'5100003167', N'K', N'TM', N'RFT1', N'N/KRH1/11', N'OFFICE MANAGEMENT EXPENSE', N'6001008100', N'EMPLOYEE TRAVEL EXPENSE', 2018, CAST(N'2018-07-05 00:00:00.000' AS DateTime), CAST(N'2018-07-05 00:00:00.000' AS DateTime), CAST(N'2018-07-05 00:00:00.000' AS DateTime), N'IDR', 12542099, 12542099, 897.4, NULL, NULL, N'0', NULL, N'AUC POST', N'SURYOWANDARU', N'7')
INSERT [dbo].[ActualCost] ([ActualCostId], [WBSElement], [DocNumber], [RefNumber], [DocNumber2], [OffsettingAccountType], [DocType], [OriginalBusTrans], [ProjectDefinition], [CoObjectName], [CostElement], [CostElementDesc], [FiscalYear], [DocDate], [PostingDate], [CreatedOn], [TransactionCurrency], [ValueTranCurr], [ValueCoArea], [ValueHardCurr], [PurchasingDoc], [TotalQuantity], [Item], [PurchaseOrderText], [Name], [UserName], [Period]) VALUES (56, N'N/KRH1/11.08.04', N'5100003168', N'1870995', N'5100003168', N'K', N'TM', N'RFT1', N'N/KRH1/11', N'OFFICE MANAGEMENT EXPENSE', N'6001008100', N'EMPLOYEE TRAVEL EXPENSE', 2018, CAST(N'2018-07-05 00:00:00.000' AS DateTime), CAST(N'2018-07-05 00:00:00.000' AS DateTime), CAST(N'2018-07-05 00:00:00.000' AS DateTime), N'IDR', 2340000, 2340000, 167.43, NULL, NULL, N'0', NULL, N'AUC POST', N'SURYOWANDARU', N'7')
INSERT [dbo].[ActualCost] ([ActualCostId], [WBSElement], [DocNumber], [RefNumber], [DocNumber2], [OffsettingAccountType], [DocType], [OriginalBusTrans], [ProjectDefinition], [CoObjectName], [CostElement], [CostElementDesc], [FiscalYear], [DocDate], [PostingDate], [CreatedOn], [TransactionCurrency], [ValueTranCurr], [ValueCoArea], [ValueHardCurr], [PurchasingDoc], [TotalQuantity], [Item], [PurchaseOrderText], [Name], [UserName], [Period]) VALUES (57, N'N/KRH1/11.08.04', N'5100003169', N'1870995', N'5100003169', N'K', N'TM', N'RFT1', N'N/KRH1/11', N'OFFICE MANAGEMENT EXPENSE', N'6001008100', N'EMPLOYEE TRAVEL EXPENSE', 2018, CAST(N'2018-07-05 00:00:00.000' AS DateTime), CAST(N'2018-07-05 00:00:00.000' AS DateTime), CAST(N'2018-07-05 00:00:00.000' AS DateTime), N'IDR', 16075013, 16075013, 1150.19, NULL, NULL, N'0', NULL, N'AUC POST', N'SURYOWANDARU', N'7')
INSERT [dbo].[ActualCost] ([ActualCostId], [WBSElement], [DocNumber], [RefNumber], [DocNumber2], [OffsettingAccountType], [DocType], [OriginalBusTrans], [ProjectDefinition], [CoObjectName], [CostElement], [CostElementDesc], [FiscalYear], [DocDate], [PostingDate], [CreatedOn], [TransactionCurrency], [ValueTranCurr], [ValueCoArea], [ValueHardCurr], [PurchasingDoc], [TotalQuantity], [Item], [PurchaseOrderText], [Name], [UserName], [Period]) VALUES (58, N'N/KRH1/11.08.04', N'5100003170', N'1870995', N'5100003170', N'K', N'TM', N'RFT1', N'N/KRH1/11', N'OFFICE MANAGEMENT EXPENSE', N'6001008100', N'EMPLOYEE TRAVEL EXPENSE', 2018, CAST(N'2018-07-05 00:00:00.000' AS DateTime), CAST(N'2018-07-05 00:00:00.000' AS DateTime), CAST(N'2018-07-05 00:00:00.000' AS DateTime), N'IDR', 16863983, 16863983, 1206.64, NULL, NULL, N'0', NULL, N'AUC POST', N'SURYOWANDARU', N'7')
INSERT [dbo].[ActualCost] ([ActualCostId], [WBSElement], [DocNumber], [RefNumber], [DocNumber2], [OffsettingAccountType], [DocType], [OriginalBusTrans], [ProjectDefinition], [CoObjectName], [CostElement], [CostElementDesc], [FiscalYear], [DocDate], [PostingDate], [CreatedOn], [TransactionCurrency], [ValueTranCurr], [ValueCoArea], [ValueHardCurr], [PurchasingDoc], [TotalQuantity], [Item], [PurchaseOrderText], [Name], [UserName], [Period]) VALUES (59, N'N/KRH1/11.08.04', N'5100003389', N'1870995', N'5100003389', N'K', N'TM', N'RFT1', N'N/KRH1/11', N'OFFICE MANAGEMENT EXPENSE', N'6001008100', N'EMPLOYEE TRAVEL EXPENSE', 2018, CAST(N'2018-07-05 00:00:00.000' AS DateTime), CAST(N'2018-07-05 00:00:00.000' AS DateTime), CAST(N'2018-07-05 00:00:00.000' AS DateTime), N'IDR', 2778000, 2778000, 195.56, NULL, NULL, N'0', NULL, N'AUC POST', N'SURYOWANDARU', N'7')
INSERT [dbo].[ActualCost] ([ActualCostId], [WBSElement], [DocNumber], [RefNumber], [DocNumber2], [OffsettingAccountType], [DocType], [OriginalBusTrans], [ProjectDefinition], [CoObjectName], [CostElement], [CostElementDesc], [FiscalYear], [DocDate], [PostingDate], [CreatedOn], [TransactionCurrency], [ValueTranCurr], [ValueCoArea], [ValueHardCurr], [PurchasingDoc], [TotalQuantity], [Item], [PurchaseOrderText], [Name], [UserName], [Period]) VALUES (60, N'N/KRH1/11.08.04', N'5100003388', N'1870995', N'5100003388', N'K', N'TM', N'RFT1', N'N/KRH1/11', N'OFFICE MANAGEMENT EXPENSE', N'6001008100', N'EMPLOYEE TRAVEL EXPENSE', 2018, CAST(N'2018-07-05 00:00:00.000' AS DateTime), CAST(N'2018-07-05 00:00:00.000' AS DateTime), CAST(N'2018-07-05 00:00:00.000' AS DateTime), N'IDR', 13834445, 13834445, 973.91, NULL, NULL, N'0', NULL, N'AUC POST', N'SURYOWANDARU', N'7')
INSERT [dbo].[ActualCost] ([ActualCostId], [WBSElement], [DocNumber], [RefNumber], [DocNumber2], [OffsettingAccountType], [DocType], [OriginalBusTrans], [ProjectDefinition], [CoObjectName], [CostElement], [CostElementDesc], [FiscalYear], [DocDate], [PostingDate], [CreatedOn], [TransactionCurrency], [ValueTranCurr], [ValueCoArea], [ValueHardCurr], [PurchasingDoc], [TotalQuantity], [Item], [PurchaseOrderText], [Name], [UserName], [Period]) VALUES (61, N'N/KRH1/11.08.04', N'5100003382', N'1870995', N'5100003382', N'K', N'TM', N'RFT1', N'N/KRH1/11', N'HOUSEHOLD,OFFICE, FIRE & SAFETY MAT & EQ', N'6001008100', N'EMPLOYEE TRAVEL EXPENSE', 2018, CAST(N'2018-07-05 00:00:00.000' AS DateTime), CAST(N'2018-07-05 00:00:00.000' AS DateTime), CAST(N'2018-07-05 00:00:00.000' AS DateTime), N'IDR', 49500000, 49500000, 3484.69, NULL, NULL, N'0', NULL, N'AUC POST', N'SURYOWANDARU', N'7')
INSERT [dbo].[ActualCost] ([ActualCostId], [WBSElement], [DocNumber], [RefNumber], [DocNumber2], [OffsettingAccountType], [DocType], [OriginalBusTrans], [ProjectDefinition], [CoObjectName], [CostElement], [CostElementDesc], [FiscalYear], [DocDate], [PostingDate], [CreatedOn], [TransactionCurrency], [ValueTranCurr], [ValueCoArea], [ValueHardCurr], [PurchasingDoc], [TotalQuantity], [Item], [PurchaseOrderText], [Name], [UserName], [Period]) VALUES (62, N'N/KRH1/11.08.04', N'100026649', N'1870995', N'100026649', N'K', N'TM', N'RFT1', N'N/KRH1/11', N'EMPLOYEE TRAVEL EXPENSE', N'6001008100', N'EMPLOYEE TRAVEL EXPENSE', 2018, CAST(N'2018-07-05 00:00:00.000' AS DateTime), CAST(N'2018-07-05 00:00:00.000' AS DateTime), CAST(N'2018-07-05 00:00:00.000' AS DateTime), N'IDR', 1675000, 1675000, 118.24, NULL, NULL, N'0', NULL, N'*Trip from 03.05.18 To  04.05.18 to   Jakarta', N'SURYOWANDARU', N'7')
INSERT [dbo].[ActualCost] ([ActualCostId], [WBSElement], [DocNumber], [RefNumber], [DocNumber2], [OffsettingAccountType], [DocType], [OriginalBusTrans], [ProjectDefinition], [CoObjectName], [CostElement], [CostElementDesc], [FiscalYear], [DocDate], [PostingDate], [CreatedOn], [TransactionCurrency], [ValueTranCurr], [ValueCoArea], [ValueHardCurr], [PurchasingDoc], [TotalQuantity], [Item], [PurchaseOrderText], [Name], [UserName], [Period]) VALUES (63, N'N/KRH1/11.08.04', N'100027036', N'1870995', N'100027036', N'K', N'TM', N'RFT1', N'N/KRH1/11', N'EMPLOYEE TRAVEL EXPENSE', N'6001008100', N'EMPLOYEE TRAVEL EXPENSE', 2018, CAST(N'2018-07-05 00:00:00.000' AS DateTime), CAST(N'2018-07-05 00:00:00.000' AS DateTime), CAST(N'2018-07-05 00:00:00.000' AS DateTime), N'IDR', 650000, 650000, 46.32, NULL, NULL, N'0', NULL, N'*Trip from 08.04.18 To  09.04.18 to   Jakarta', N'SURYOWANDARU', N'7')
INSERT [dbo].[ActualCost] ([ActualCostId], [WBSElement], [DocNumber], [RefNumber], [DocNumber2], [OffsettingAccountType], [DocType], [OriginalBusTrans], [ProjectDefinition], [CoObjectName], [CostElement], [CostElementDesc], [FiscalYear], [DocDate], [PostingDate], [CreatedOn], [TransactionCurrency], [ValueTranCurr], [ValueCoArea], [ValueHardCurr], [PurchasingDoc], [TotalQuantity], [Item], [PurchaseOrderText], [Name], [UserName], [Period]) VALUES (64, N'N/KRH1/11.08.04', N'100027038', N'1870995', N'100027038', N'K', N'TM', N'RFT1', N'N/KRH1/11', N'EMPLOYEE TRAVEL EXPENSE', N'6001008100', N'EMPLOYEE TRAVEL EXPENSE', 2018, CAST(N'2018-07-05 00:00:00.000' AS DateTime), CAST(N'2018-07-05 00:00:00.000' AS DateTime), CAST(N'2018-07-05 00:00:00.000' AS DateTime), N'IDR', 1300000, 1300000, 92.65, NULL, NULL, N'0', NULL, N'*Trip from 06.03.18 To  09.03.18 to   Jakarta', N'SURYOWANDARU', N'7')
INSERT [dbo].[ActualCost] ([ActualCostId], [WBSElement], [DocNumber], [RefNumber], [DocNumber2], [OffsettingAccountType], [DocType], [OriginalBusTrans], [ProjectDefinition], [CoObjectName], [CostElement], [CostElementDesc], [FiscalYear], [DocDate], [PostingDate], [CreatedOn], [TransactionCurrency], [ValueTranCurr], [ValueCoArea], [ValueHardCurr], [PurchasingDoc], [TotalQuantity], [Item], [PurchaseOrderText], [Name], [UserName], [Period]) VALUES (65, N'N/KRH1/11.08.04', N'100027039', N'1870995', N'100027039', N'K', N'TM', N'RFT1', N'N/KRH1/11', N'EMPLOYEE TRAVEL EXPENSE', N'6001008100', N'EMPLOYEE TRAVEL EXPENSE', 2018, CAST(N'2018-07-05 00:00:00.000' AS DateTime), CAST(N'2018-07-05 00:00:00.000' AS DateTime), CAST(N'2018-07-05 00:00:00.000' AS DateTime), N'IDR', 650000, 650000, 46.32, NULL, NULL, N'0', NULL, N'*Trip from 25.03.18 To  26.03.18 to   Jakarta', N'SURYOWANDARU', N'7')
INSERT [dbo].[ActualCost] ([ActualCostId], [WBSElement], [DocNumber], [RefNumber], [DocNumber2], [OffsettingAccountType], [DocType], [OriginalBusTrans], [ProjectDefinition], [CoObjectName], [CostElement], [CostElementDesc], [FiscalYear], [DocDate], [PostingDate], [CreatedOn], [TransactionCurrency], [ValueTranCurr], [ValueCoArea], [ValueHardCurr], [PurchasingDoc], [TotalQuantity], [Item], [PurchaseOrderText], [Name], [UserName], [Period]) VALUES (66, N'N/KRH1/11.08.04', N'100027035', N'1870995', N'100027035', N'K', N'TM', N'RFT1', N'N/KRH1/11', N'EMPLOYEE TRAVEL EXPENSE', N'6001008100', N'EMPLOYEE TRAVEL EXPENSE', 2018, CAST(N'2018-07-05 00:00:00.000' AS DateTime), CAST(N'2018-07-05 00:00:00.000' AS DateTime), CAST(N'2018-07-05 00:00:00.000' AS DateTime), N'IDR', 650000, 650000, 46.32, NULL, NULL, N'0', NULL, N'*Trip from 22.04.18 To  23.04.18 to   Jakarta', N'SURYOWANDARU', N'7')
INSERT [dbo].[ActualCost] ([ActualCostId], [WBSElement], [DocNumber], [RefNumber], [DocNumber2], [OffsettingAccountType], [DocType], [OriginalBusTrans], [ProjectDefinition], [CoObjectName], [CostElement], [CostElementDesc], [FiscalYear], [DocDate], [PostingDate], [CreatedOn], [TransactionCurrency], [ValueTranCurr], [ValueCoArea], [ValueHardCurr], [PurchasingDoc], [TotalQuantity], [Item], [PurchaseOrderText], [Name], [UserName], [Period]) VALUES (67, N'N/KRH1/11.08.04', N'100027037', N'1870995', N'100027037', N'K', N'TM', N'RFT1', N'N/KRH1/11', N'EMPLOYEE TRAVEL EXPENSE', N'6001008100', N'EMPLOYEE TRAVEL EXPENSE', 2018, CAST(N'2018-07-05 00:00:00.000' AS DateTime), CAST(N'2018-07-05 00:00:00.000' AS DateTime), CAST(N'2018-07-05 00:00:00.000' AS DateTime), N'IDR', 975000, 975000, 69.48, NULL, NULL, N'0', NULL, N'*Trip from 02.04.18 To  04.04.18 to   Jakarta', N'SURYOWANDARU', N'7')
INSERT [dbo].[ActualCost] ([ActualCostId], [WBSElement], [DocNumber], [RefNumber], [DocNumber2], [OffsettingAccountType], [DocType], [OriginalBusTrans], [ProjectDefinition], [CoObjectName], [CostElement], [CostElementDesc], [FiscalYear], [DocDate], [PostingDate], [CreatedOn], [TransactionCurrency], [ValueTranCurr], [ValueCoArea], [ValueHardCurr], [PurchasingDoc], [TotalQuantity], [Item], [PurchaseOrderText], [Name], [UserName], [Period]) VALUES (68, N'N/KRH1/11.08.04', N'100027041', N'1870995', N'100027041', N'K', N'TM', N'RFT1', N'N/KRH1/11', N'EMPLOYEE TRAVEL EXPENSE', N'6001008100', N'EMPLOYEE TRAVEL EXPENSE', 2018, CAST(N'2018-07-05 00:00:00.000' AS DateTime), CAST(N'2018-07-05 00:00:00.000' AS DateTime), CAST(N'2018-07-05 00:00:00.000' AS DateTime), N'IDR', 4431094, 4431094, 315.78, NULL, NULL, N'0', NULL, N'*Trip from 02.04.18 To  08.04.18 to   bali', N'SURYOWANDARU', N'7')
INSERT [dbo].[ActualCost] ([ActualCostId], [WBSElement], [DocNumber], [RefNumber], [DocNumber2], [OffsettingAccountType], [DocType], [OriginalBusTrans], [ProjectDefinition], [CoObjectName], [CostElement], [CostElementDesc], [FiscalYear], [DocDate], [PostingDate], [CreatedOn], [TransactionCurrency], [ValueTranCurr], [ValueCoArea], [ValueHardCurr], [PurchasingDoc], [TotalQuantity], [Item], [PurchaseOrderText], [Name], [UserName], [Period]) VALUES (69, N'N/KRH1/11.08.04', N'100027805', N'1870995', N'100027805', N'K', N'TM', N'RFT1', N'N/KRH1/11', N'EMPLOYEE TRAVEL EXPENSE', N'6001008100', N'EMPLOYEE TRAVEL EXPENSE', 2018, CAST(N'2018-07-05 00:00:00.000' AS DateTime), CAST(N'2018-07-05 00:00:00.000' AS DateTime), CAST(N'2018-07-05 00:00:00.000' AS DateTime), N'IDR', 2315000, 2315000, 166.88, NULL, NULL, N'0', NULL, N'*Trip from 22.04.18 To  24.04.18 to   Jakarta', N'SURYOWANDARU', N'7')
INSERT [dbo].[ActualCost] ([ActualCostId], [WBSElement], [DocNumber], [RefNumber], [DocNumber2], [OffsettingAccountType], [DocType], [OriginalBusTrans], [ProjectDefinition], [CoObjectName], [CostElement], [CostElementDesc], [FiscalYear], [DocDate], [PostingDate], [CreatedOn], [TransactionCurrency], [ValueTranCurr], [ValueCoArea], [ValueHardCurr], [PurchasingDoc], [TotalQuantity], [Item], [PurchaseOrderText], [Name], [UserName], [Period]) VALUES (70, N'N/KRH1/11.08.04', N'5100003834', N'1870995', N'5100003834', N'K', N'TM', N'RFT1', N'N/KRH1/11', N'OFFICE MANAGEMENT EXPENSE', N'6001008100', N'EMPLOYEE TRAVEL EXPENSE', 2018, CAST(N'2018-07-05 00:00:00.000' AS DateTime), CAST(N'2018-07-05 00:00:00.000' AS DateTime), CAST(N'2018-07-05 00:00:00.000' AS DateTime), N'IDR', 174937020, 174937020, 12597.18, NULL, NULL, N'0', NULL, N'AUC POST', N'SURYOWANDARU', N'7')
INSERT [dbo].[ActualCost] ([ActualCostId], [WBSElement], [DocNumber], [RefNumber], [DocNumber2], [OffsettingAccountType], [DocType], [OriginalBusTrans], [ProjectDefinition], [CoObjectName], [CostElement], [CostElementDesc], [FiscalYear], [DocDate], [PostingDate], [CreatedOn], [TransactionCurrency], [ValueTranCurr], [ValueCoArea], [ValueHardCurr], [PurchasingDoc], [TotalQuantity], [Item], [PurchaseOrderText], [Name], [UserName], [Period]) VALUES (71, N'N/KRH1/11.08.04', N'5100003866', N'1870995', N'5100003866', N'K', N'TM', N'RFT1', N'N/KRH1/11', N'OFFICE MANAGEMENT EXPENSE', N'6001008100', N'EMPLOYEE TRAVEL EXPENSE', 2018, CAST(N'2018-07-05 00:00:00.000' AS DateTime), CAST(N'2018-07-05 00:00:00.000' AS DateTime), CAST(N'2018-07-05 00:00:00.000' AS DateTime), N'IDR', 24316480, 24316480, 1752.54, NULL, NULL, N'0', NULL, N'AUC POST', N'SURYOWANDARU', N'7')
INSERT [dbo].[ActualCost] ([ActualCostId], [WBSElement], [DocNumber], [RefNumber], [DocNumber2], [OffsettingAccountType], [DocType], [OriginalBusTrans], [ProjectDefinition], [CoObjectName], [CostElement], [CostElementDesc], [FiscalYear], [DocDate], [PostingDate], [CreatedOn], [TransactionCurrency], [ValueTranCurr], [ValueCoArea], [ValueHardCurr], [PurchasingDoc], [TotalQuantity], [Item], [PurchaseOrderText], [Name], [UserName], [Period]) VALUES (72, N'N/KRH1/11.08.04', N'5100004018', N'1870995', N'5100004018', N'K', N'TM', N'RFT1', N'N/KRH1/11', N'OFFICE MANAGEMENT EXPENSE', N'6001008100', N'EMPLOYEE TRAVEL EXPENSE', 2018, CAST(N'2018-07-05 00:00:00.000' AS DateTime), CAST(N'2018-07-05 00:00:00.000' AS DateTime), CAST(N'2018-07-05 00:00:00.000' AS DateTime), N'IDR', 49932256, 49932256, 3525.54, NULL, NULL, N'0', NULL, N'AUC POST', N'SURYOWANDARU', N'7')
INSERT [dbo].[ActualCost] ([ActualCostId], [WBSElement], [DocNumber], [RefNumber], [DocNumber2], [OffsettingAccountType], [DocType], [OriginalBusTrans], [ProjectDefinition], [CoObjectName], [CostElement], [CostElementDesc], [FiscalYear], [DocDate], [PostingDate], [CreatedOn], [TransactionCurrency], [ValueTranCurr], [ValueCoArea], [ValueHardCurr], [PurchasingDoc], [TotalQuantity], [Item], [PurchaseOrderText], [Name], [UserName], [Period]) VALUES (73, N'N/KRH1/11.08.04', N'5100004017', N'1870995', N'5100004017', N'K', N'TM', N'RFT1', N'N/KRH1/11', N'OFFICE MANAGEMENT EXPENSE', N'6001008100', N'EMPLOYEE TRAVEL EXPENSE', 2018, CAST(N'2018-07-05 00:00:00.000' AS DateTime), CAST(N'2018-07-05 00:00:00.000' AS DateTime), CAST(N'2018-07-05 00:00:00.000' AS DateTime), N'IDR', 33700000, 33700000, 2379.44, NULL, NULL, N'0', NULL, N'AUC POST', N'SURYOWANDARU', N'7')
INSERT [dbo].[ActualCost] ([ActualCostId], [WBSElement], [DocNumber], [RefNumber], [DocNumber2], [OffsettingAccountType], [DocType], [OriginalBusTrans], [ProjectDefinition], [CoObjectName], [CostElement], [CostElementDesc], [FiscalYear], [DocDate], [PostingDate], [CreatedOn], [TransactionCurrency], [ValueTranCurr], [ValueCoArea], [ValueHardCurr], [PurchasingDoc], [TotalQuantity], [Item], [PurchaseOrderText], [Name], [UserName], [Period]) VALUES (74, N'N/KRH1/11.08.04', N'5100004315', N'1870995', N'5100004315', N'K', N'TM', N'RFT1', N'N/KRH1/11', N'OFFICE MANAGEMENT EXPENSE', N'6001008100', N'EMPLOYEE TRAVEL EXPENSE', 2018, CAST(N'2018-07-05 00:00:00.000' AS DateTime), CAST(N'2018-07-05 00:00:00.000' AS DateTime), CAST(N'2018-07-05 00:00:00.000' AS DateTime), N'IDR', 33700000, 33700000, 2342.39, NULL, NULL, N'0', NULL, N'AUC POST', N'SURYOWANDARU', N'7')
INSERT [dbo].[ActualCost] ([ActualCostId], [WBSElement], [DocNumber], [RefNumber], [DocNumber2], [OffsettingAccountType], [DocType], [OriginalBusTrans], [ProjectDefinition], [CoObjectName], [CostElement], [CostElementDesc], [FiscalYear], [DocDate], [PostingDate], [CreatedOn], [TransactionCurrency], [ValueTranCurr], [ValueCoArea], [ValueHardCurr], [PurchasingDoc], [TotalQuantity], [Item], [PurchaseOrderText], [Name], [UserName], [Period]) VALUES (75, N'N/KRH1/11.08.04', N'5100004314', N'1870995', N'5100004314', N'K', N'TM', N'RFT1', N'N/KRH1/11', N'OFFICE MANAGEMENT EXPENSE', N'6001008100', N'EMPLOYEE TRAVEL EXPENSE', 2018, CAST(N'2018-07-05 00:00:00.000' AS DateTime), CAST(N'2018-07-05 00:00:00.000' AS DateTime), CAST(N'2018-07-05 00:00:00.000' AS DateTime), N'IDR', 38865258, 38865258, 2701.42, NULL, NULL, N'0', NULL, N'AUC POST', N'SURYOWANDARU', N'7')
INSERT [dbo].[ActualCost] ([ActualCostId], [WBSElement], [DocNumber], [RefNumber], [DocNumber2], [OffsettingAccountType], [DocType], [OriginalBusTrans], [ProjectDefinition], [CoObjectName], [CostElement], [CostElementDesc], [FiscalYear], [DocDate], [PostingDate], [CreatedOn], [TransactionCurrency], [ValueTranCurr], [ValueCoArea], [ValueHardCurr], [PurchasingDoc], [TotalQuantity], [Item], [PurchaseOrderText], [Name], [UserName], [Period]) VALUES (76, N'N/KRH1/11.08.04', N'5100004304', N'1870995', N'5100004304', N'K', N'TM', N'RFT1', N'N/KRH1/11', N'HOUSEHOLD,OFFICE, FIRE & SAFETY MAT & EQ', N'6001008100', N'EMPLOYEE TRAVEL EXPENSE', 2018, CAST(N'2018-07-05 00:00:00.000' AS DateTime), CAST(N'2018-07-05 00:00:00.000' AS DateTime), CAST(N'2018-07-05 00:00:00.000' AS DateTime), N'IDR', 1075500, 1075500, 75.04, NULL, NULL, N'0', NULL, N'AUC POST', N'SURYOWANDARU', N'7')
INSERT [dbo].[ActualCost] ([ActualCostId], [WBSElement], [DocNumber], [RefNumber], [DocNumber2], [OffsettingAccountType], [DocType], [OriginalBusTrans], [ProjectDefinition], [CoObjectName], [CostElement], [CostElementDesc], [FiscalYear], [DocDate], [PostingDate], [CreatedOn], [TransactionCurrency], [ValueTranCurr], [ValueCoArea], [ValueHardCurr], [PurchasingDoc], [TotalQuantity], [Item], [PurchaseOrderText], [Name], [UserName], [Period]) VALUES (77, N'N/KRH1/11.08.04', N'5100004304', N'1870995', N'5100004304', N'K', N'TM', N'RFT1', N'N/KRH1/11', N'HOUSEHOLD,OFFICE, FIRE & SAFETY MAT & EQ', N'6001008100', N'EMPLOYEE TRAVEL EXPENSE', 2018, CAST(N'2018-07-05 00:00:00.000' AS DateTime), CAST(N'2018-07-05 00:00:00.000' AS DateTime), CAST(N'2018-07-05 00:00:00.000' AS DateTime), N'IDR', 76000, 76000, 5.3, NULL, NULL, N'0', NULL, N'AUC POST', N'SURYOWANDARU', N'7')
INSERT [dbo].[ActualCost] ([ActualCostId], [WBSElement], [DocNumber], [RefNumber], [DocNumber2], [OffsettingAccountType], [DocType], [OriginalBusTrans], [ProjectDefinition], [CoObjectName], [CostElement], [CostElementDesc], [FiscalYear], [DocDate], [PostingDate], [CreatedOn], [TransactionCurrency], [ValueTranCurr], [ValueCoArea], [ValueHardCurr], [PurchasingDoc], [TotalQuantity], [Item], [PurchaseOrderText], [Name], [UserName], [Period]) VALUES (78, N'N/KRH1/11.08.04', N'5100004304', N'1870995', N'5100004304', N'K', N'TM', N'RFT1', N'N/KRH1/11', N'HOUSEHOLD,OFFICE, FIRE & SAFETY MAT & EQ', N'6001008100', N'EMPLOYEE TRAVEL EXPENSE', 2018, CAST(N'2018-07-05 00:00:00.000' AS DateTime), CAST(N'2018-07-05 00:00:00.000' AS DateTime), CAST(N'2018-07-05 00:00:00.000' AS DateTime), N'IDR', 184000, 184000, 12.84, NULL, NULL, N'0', NULL, N'AUC POST', N'SURYOWANDARU', N'7')
INSERT [dbo].[ActualCost] ([ActualCostId], [WBSElement], [DocNumber], [RefNumber], [DocNumber2], [OffsettingAccountType], [DocType], [OriginalBusTrans], [ProjectDefinition], [CoObjectName], [CostElement], [CostElementDesc], [FiscalYear], [DocDate], [PostingDate], [CreatedOn], [TransactionCurrency], [ValueTranCurr], [ValueCoArea], [ValueHardCurr], [PurchasingDoc], [TotalQuantity], [Item], [PurchaseOrderText], [Name], [UserName], [Period]) VALUES (79, N'N/KRH1/11.08.04', N'5100004304', N'1870995', N'5100004304', N'K', N'TM', N'RFT1', N'N/KRH1/11', N'HOUSEHOLD,OFFICE, FIRE & SAFETY MAT & EQ', N'6001008100', N'EMPLOYEE TRAVEL EXPENSE', 2018, CAST(N'2018-07-05 00:00:00.000' AS DateTime), CAST(N'2018-07-05 00:00:00.000' AS DateTime), CAST(N'2018-07-05 00:00:00.000' AS DateTime), N'IDR', 7040000, 7040000, 491.21, NULL, NULL, N'0', NULL, N'AUC POST', N'SURYOWANDARU', N'7')
INSERT [dbo].[ActualCost] ([ActualCostId], [WBSElement], [DocNumber], [RefNumber], [DocNumber2], [OffsettingAccountType], [DocType], [OriginalBusTrans], [ProjectDefinition], [CoObjectName], [CostElement], [CostElementDesc], [FiscalYear], [DocDate], [PostingDate], [CreatedOn], [TransactionCurrency], [ValueTranCurr], [ValueCoArea], [ValueHardCurr], [PurchasingDoc], [TotalQuantity], [Item], [PurchaseOrderText], [Name], [UserName], [Period]) VALUES (80, N'N/KRH1/11.08.04', N'5100004304', N'1870995', N'5100004304', N'K', N'TM', N'RFT1', N'N/KRH1/11', N'HOUSEHOLD,OFFICE, FIRE & SAFETY MAT & EQ', N'6001008100', N'EMPLOYEE TRAVEL EXPENSE', 2018, CAST(N'2018-07-05 00:00:00.000' AS DateTime), CAST(N'2018-07-05 00:00:00.000' AS DateTime), CAST(N'2018-07-05 00:00:00.000' AS DateTime), N'IDR', 153000, 153000, 10.68, NULL, NULL, N'0', NULL, N'AUC POST', N'SURYOWANDARU', N'7')
INSERT [dbo].[ActualCost] ([ActualCostId], [WBSElement], [DocNumber], [RefNumber], [DocNumber2], [OffsettingAccountType], [DocType], [OriginalBusTrans], [ProjectDefinition], [CoObjectName], [CostElement], [CostElementDesc], [FiscalYear], [DocDate], [PostingDate], [CreatedOn], [TransactionCurrency], [ValueTranCurr], [ValueCoArea], [ValueHardCurr], [PurchasingDoc], [TotalQuantity], [Item], [PurchaseOrderText], [Name], [UserName], [Period]) VALUES (81, N'N/KRH1/11.08.04', N'5100004304', N'1870995', N'5100004304', N'K', N'TM', N'RFT1', N'N/KRH1/11', N'HOUSEHOLD,OFFICE, FIRE & SAFETY MAT & EQ', N'6001008100', N'EMPLOYEE TRAVEL EXPENSE', 2018, CAST(N'2018-07-05 00:00:00.000' AS DateTime), CAST(N'2018-07-05 00:00:00.000' AS DateTime), CAST(N'2018-07-05 00:00:00.000' AS DateTime), N'IDR', 356000, 356000, 24.84, NULL, NULL, N'0', NULL, N'AUC POST', N'SURYOWANDARU', N'7')
INSERT [dbo].[ActualCost] ([ActualCostId], [WBSElement], [DocNumber], [RefNumber], [DocNumber2], [OffsettingAccountType], [DocType], [OriginalBusTrans], [ProjectDefinition], [CoObjectName], [CostElement], [CostElementDesc], [FiscalYear], [DocDate], [PostingDate], [CreatedOn], [TransactionCurrency], [ValueTranCurr], [ValueCoArea], [ValueHardCurr], [PurchasingDoc], [TotalQuantity], [Item], [PurchaseOrderText], [Name], [UserName], [Period]) VALUES (82, N'N/KRH1/11.08.04', N'5100004420', N'1870995', N'5100004420', N'K', N'TM', N'RFT1', N'N/KRH1/11', N'WORK ENVIRONMENT & SAFETY SERVICE', N'6001008100', N'EMPLOYEE TRAVEL EXPENSE', 2018, CAST(N'2018-07-05 00:00:00.000' AS DateTime), CAST(N'2018-07-05 00:00:00.000' AS DateTime), CAST(N'2018-07-05 00:00:00.000' AS DateTime), N'IDR', 44499000, 44499000, 3099.25, NULL, NULL, N'0', NULL, N'AUC POST', N'SURYOWANDARU', N'7')
INSERT [dbo].[ActualCost] ([ActualCostId], [WBSElement], [DocNumber], [RefNumber], [DocNumber2], [OffsettingAccountType], [DocType], [OriginalBusTrans], [ProjectDefinition], [CoObjectName], [CostElement], [CostElementDesc], [FiscalYear], [DocDate], [PostingDate], [CreatedOn], [TransactionCurrency], [ValueTranCurr], [ValueCoArea], [ValueHardCurr], [PurchasingDoc], [TotalQuantity], [Item], [PurchaseOrderText], [Name], [UserName], [Period]) VALUES (83, N'N/KRH1/11.08.04', N'5100004622', N'1870995', N'5100004622', N'K', N'TM', N'RFT1', N'N/KRH1/11', N'HOUSEHOLD,OFFICE, FIRE & SAFETY MAT & EQ', N'6001008100', N'EMPLOYEE TRAVEL EXPENSE', 2018, CAST(N'2018-07-05 00:00:00.000' AS DateTime), CAST(N'2018-07-05 00:00:00.000' AS DateTime), CAST(N'2018-07-05 00:00:00.000' AS DateTime), N'IDR', 1000000, 1000000, 68.87, NULL, NULL, N'0', NULL, N'AUC POST', N'SURYOWANDARU', N'7')
INSERT [dbo].[ActualCost] ([ActualCostId], [WBSElement], [DocNumber], [RefNumber], [DocNumber2], [OffsettingAccountType], [DocType], [OriginalBusTrans], [ProjectDefinition], [CoObjectName], [CostElement], [CostElementDesc], [FiscalYear], [DocDate], [PostingDate], [CreatedOn], [TransactionCurrency], [ValueTranCurr], [ValueCoArea], [ValueHardCurr], [PurchasingDoc], [TotalQuantity], [Item], [PurchaseOrderText], [Name], [UserName], [Period]) VALUES (84, N'N/KRH1/11.08.04', N'5100004622', N'1870995', N'5100004622', N'K', N'TM', N'RFT1', N'N/KRH1/11', N'HOUSEHOLD,OFFICE, FIRE & SAFETY MAT & EQ', N'6001008100', N'EMPLOYEE TRAVEL EXPENSE', 2018, CAST(N'2018-07-05 00:00:00.000' AS DateTime), CAST(N'2018-07-05 00:00:00.000' AS DateTime), CAST(N'2018-07-05 00:00:00.000' AS DateTime), N'IDR', 4050000, 4050000, 278.93, NULL, NULL, N'0', NULL, N'AUC POST', N'SURYOWANDARU', N'7')
INSERT [dbo].[ActualCost] ([ActualCostId], [WBSElement], [DocNumber], [RefNumber], [DocNumber2], [OffsettingAccountType], [DocType], [OriginalBusTrans], [ProjectDefinition], [CoObjectName], [CostElement], [CostElementDesc], [FiscalYear], [DocDate], [PostingDate], [CreatedOn], [TransactionCurrency], [ValueTranCurr], [ValueCoArea], [ValueHardCurr], [PurchasingDoc], [TotalQuantity], [Item], [PurchaseOrderText], [Name], [UserName], [Period]) VALUES (85, N'N/KRH1/11.08.04', N'5100004622', N'1870995', N'5100004622', N'K', N'TM', N'RFT1', N'N/KRH1/11', N'HOUSEHOLD,OFFICE, FIRE & SAFETY MAT & EQ', N'6001008100', N'EMPLOYEE TRAVEL EXPENSE', 2018, CAST(N'2018-07-05 00:00:00.000' AS DateTime), CAST(N'2018-07-05 00:00:00.000' AS DateTime), CAST(N'2018-07-05 00:00:00.000' AS DateTime), N'IDR', 5000000, 5000000, 344.35, NULL, NULL, N'0', NULL, N'AUC POST', N'SURYOWANDARU', N'7')
INSERT [dbo].[ActualCost] ([ActualCostId], [WBSElement], [DocNumber], [RefNumber], [DocNumber2], [OffsettingAccountType], [DocType], [OriginalBusTrans], [ProjectDefinition], [CoObjectName], [CostElement], [CostElementDesc], [FiscalYear], [DocDate], [PostingDate], [CreatedOn], [TransactionCurrency], [ValueTranCurr], [ValueCoArea], [ValueHardCurr], [PurchasingDoc], [TotalQuantity], [Item], [PurchaseOrderText], [Name], [UserName], [Period]) VALUES (86, N'N/KRH1/11.08.04', N'5100004622', N'1870995', N'5100004622', N'K', N'TM', N'RFT1', N'N/KRH1/11', N'HOUSEHOLD,OFFICE, FIRE & SAFETY MAT & EQ', N'6001008100', N'EMPLOYEE TRAVEL EXPENSE', 2018, CAST(N'2018-07-05 00:00:00.000' AS DateTime), CAST(N'2018-07-05 00:00:00.000' AS DateTime), CAST(N'2018-07-05 00:00:00.000' AS DateTime), N'IDR', 2500000, 2500000, 172.18, NULL, NULL, N'0', NULL, N'AUC POST', N'SURYOWANDARU', N'7')
INSERT [dbo].[ActualCost] ([ActualCostId], [WBSElement], [DocNumber], [RefNumber], [DocNumber2], [OffsettingAccountType], [DocType], [OriginalBusTrans], [ProjectDefinition], [CoObjectName], [CostElement], [CostElementDesc], [FiscalYear], [DocDate], [PostingDate], [CreatedOn], [TransactionCurrency], [ValueTranCurr], [ValueCoArea], [ValueHardCurr], [PurchasingDoc], [TotalQuantity], [Item], [PurchaseOrderText], [Name], [UserName], [Period]) VALUES (87, N'N/KRH1/11.08.04', N'5100004622', N'1870995', N'5100004622', N'K', N'TM', N'RFT1', N'N/KRH1/11', N'HOUSEHOLD,OFFICE, FIRE & SAFETY MAT & EQ', N'6001008100', N'EMPLOYEE TRAVEL EXPENSE', 2018, CAST(N'2018-07-05 00:00:00.000' AS DateTime), CAST(N'2018-07-05 00:00:00.000' AS DateTime), CAST(N'2018-07-05 00:00:00.000' AS DateTime), N'IDR', 8500000, 8500000, 585.4, NULL, NULL, N'0', NULL, N'AUC POST', N'SURYOWANDARU', N'7')
INSERT [dbo].[ActualCost] ([ActualCostId], [WBSElement], [DocNumber], [RefNumber], [DocNumber2], [OffsettingAccountType], [DocType], [OriginalBusTrans], [ProjectDefinition], [CoObjectName], [CostElement], [CostElementDesc], [FiscalYear], [DocDate], [PostingDate], [CreatedOn], [TransactionCurrency], [ValueTranCurr], [ValueCoArea], [ValueHardCurr], [PurchasingDoc], [TotalQuantity], [Item], [PurchaseOrderText], [Name], [UserName], [Period]) VALUES (88, N'N/KRH1/11.08.04', N'5100004622', N'1870995', N'5100004622', N'K', N'TM', N'RFT1', N'N/KRH1/11', N'HOUSEHOLD,OFFICE, FIRE & SAFETY MAT & EQ', N'6001008100', N'EMPLOYEE TRAVEL EXPENSE', 2018, CAST(N'2018-07-05 00:00:00.000' AS DateTime), CAST(N'2018-07-05 00:00:00.000' AS DateTime), CAST(N'2018-07-05 00:00:00.000' AS DateTime), N'IDR', 150000, 150000, 10.33, NULL, NULL, N'0', NULL, N'AUC POST', N'SURYOWANDARU', N'7')
INSERT [dbo].[ActualCost] ([ActualCostId], [WBSElement], [DocNumber], [RefNumber], [DocNumber2], [OffsettingAccountType], [DocType], [OriginalBusTrans], [ProjectDefinition], [CoObjectName], [CostElement], [CostElementDesc], [FiscalYear], [DocDate], [PostingDate], [CreatedOn], [TransactionCurrency], [ValueTranCurr], [ValueCoArea], [ValueHardCurr], [PurchasingDoc], [TotalQuantity], [Item], [PurchaseOrderText], [Name], [UserName], [Period]) VALUES (89, N'N/KRH1/11.08.04', N'5100004622', N'1870995', N'5100004622', N'K', N'TM', N'RFT1', N'N/KRH1/11', N'HOUSEHOLD,OFFICE, FIRE & SAFETY MAT & EQ', N'6001008100', N'EMPLOYEE TRAVEL EXPENSE', 2018, CAST(N'2018-07-05 00:00:00.000' AS DateTime), CAST(N'2018-07-05 00:00:00.000' AS DateTime), CAST(N'2018-07-05 00:00:00.000' AS DateTime), N'IDR', 21500000, 21500000, 1480.72, NULL, NULL, N'0', NULL, N'AUC POST', N'SURYOWANDARU', N'7')
INSERT [dbo].[ActualCost] ([ActualCostId], [WBSElement], [DocNumber], [RefNumber], [DocNumber2], [OffsettingAccountType], [DocType], [OriginalBusTrans], [ProjectDefinition], [CoObjectName], [CostElement], [CostElementDesc], [FiscalYear], [DocDate], [PostingDate], [CreatedOn], [TransactionCurrency], [ValueTranCurr], [ValueCoArea], [ValueHardCurr], [PurchasingDoc], [TotalQuantity], [Item], [PurchaseOrderText], [Name], [UserName], [Period]) VALUES (90, N'N/KRH1/11.08.04', N'5100004622', N'1870995', N'5100004622', N'K', N'TM', N'RFT1', N'N/KRH1/11', N'HOUSEHOLD,OFFICE, FIRE & SAFETY MAT & EQ', N'6001008100', N'EMPLOYEE TRAVEL EXPENSE', 2018, CAST(N'2018-07-05 00:00:00.000' AS DateTime), CAST(N'2018-07-05 00:00:00.000' AS DateTime), CAST(N'2018-07-05 00:00:00.000' AS DateTime), N'IDR', 400000, 400000, 27.55, NULL, NULL, N'0', NULL, N'AUC POST', N'SURYOWANDARU', N'7')
INSERT [dbo].[ActualCost] ([ActualCostId], [WBSElement], [DocNumber], [RefNumber], [DocNumber2], [OffsettingAccountType], [DocType], [OriginalBusTrans], [ProjectDefinition], [CoObjectName], [CostElement], [CostElementDesc], [FiscalYear], [DocDate], [PostingDate], [CreatedOn], [TransactionCurrency], [ValueTranCurr], [ValueCoArea], [ValueHardCurr], [PurchasingDoc], [TotalQuantity], [Item], [PurchaseOrderText], [Name], [UserName], [Period]) VALUES (91, N'N/KRH1/11.08.04', N'5100004589', N'1870995', N'5100004589', N'K', N'TM', N'RFT1', N'N/KRH1/11', N'OFFICE MANAGEMENT EXPENSE', N'6001008100', N'EMPLOYEE TRAVEL EXPENSE', 2018, CAST(N'2018-07-05 00:00:00.000' AS DateTime), CAST(N'2018-07-05 00:00:00.000' AS DateTime), CAST(N'2018-07-05 00:00:00.000' AS DateTime), N'IDR', 17500000, 17500000, 1210.74, NULL, NULL, N'0', NULL, N'AUC POST', N'SURYOWANDARU', N'7')
INSERT [dbo].[ActualCost] ([ActualCostId], [WBSElement], [DocNumber], [RefNumber], [DocNumber2], [OffsettingAccountType], [DocType], [OriginalBusTrans], [ProjectDefinition], [CoObjectName], [CostElement], [CostElementDesc], [FiscalYear], [DocDate], [PostingDate], [CreatedOn], [TransactionCurrency], [ValueTranCurr], [ValueCoArea], [ValueHardCurr], [PurchasingDoc], [TotalQuantity], [Item], [PurchaseOrderText], [Name], [UserName], [Period]) VALUES (92, N'N/KRH1/11.08.04', N'5000002893', N'1870995', N'5000002893', N'K', N'TM', N'RFT1', N'N/KRH1/11', N'CONSULTING EXPENSE', N'6001008100', N'EMPLOYEE TRAVEL EXPENSE', 2018, CAST(N'2018-07-05 00:00:00.000' AS DateTime), CAST(N'2018-07-05 00:00:00.000' AS DateTime), CAST(N'2018-07-05 00:00:00.000' AS DateTime), N'IDR', 22351950, 22351950, 1603.09, NULL, NULL, N'0', NULL, N'KRH,Penyusunan Asbuilt Drawing,Apr''18', N'SURYOWANDARU', N'7')
INSERT [dbo].[ActualCost] ([ActualCostId], [WBSElement], [DocNumber], [RefNumber], [DocNumber2], [OffsettingAccountType], [DocType], [OriginalBusTrans], [ProjectDefinition], [CoObjectName], [CostElement], [CostElementDesc], [FiscalYear], [DocDate], [PostingDate], [CreatedOn], [TransactionCurrency], [ValueTranCurr], [ValueCoArea], [ValueHardCurr], [PurchasingDoc], [TotalQuantity], [Item], [PurchaseOrderText], [Name], [UserName], [Period]) VALUES (93, N'N/KRH1/11.08.04', N'5000003142', N'1870995', N'5000003142', N'K', N'TM', N'RFT1', N'N/KRH1/11', N'SATELLITE LEASE', N'6001008100', N'EMPLOYEE TRAVEL EXPENSE', 2018, CAST(N'2018-07-05 00:00:00.000' AS DateTime), CAST(N'2018-07-05 00:00:00.000' AS DateTime), CAST(N'2018-07-05 00:00:00.000' AS DateTime), N'IDR', 7040000, 7040000, 501.57, NULL, NULL, N'0', NULL, N'UTEL - SEWA RADIO KRH APRIL 2018', N'SURYOWANDARU', N'7')
INSERT [dbo].[ActualCost] ([ActualCostId], [WBSElement], [DocNumber], [RefNumber], [DocNumber2], [OffsettingAccountType], [DocType], [OriginalBusTrans], [ProjectDefinition], [CoObjectName], [CostElement], [CostElementDesc], [FiscalYear], [DocDate], [PostingDate], [CreatedOn], [TransactionCurrency], [ValueTranCurr], [ValueCoArea], [ValueHardCurr], [PurchasingDoc], [TotalQuantity], [Item], [PurchaseOrderText], [Name], [UserName], [Period]) VALUES (94, N'N/KRH1/11.08.04', N'5000002914', N'1870995', N'5000002914', N'K', N'TM', N'RFT1', N'N/KRH1/11', N'HOUSEHOLD,OFFICE, FIRE & SAFETY MAT & EQ', N'6001008100', N'EMPLOYEE TRAVEL EXPENSE', 2018, CAST(N'2018-07-05 00:00:00.000' AS DateTime), CAST(N'2018-07-05 00:00:00.000' AS DateTime), CAST(N'2018-07-05 00:00:00.000' AS DateTime), N'IDR', 2950000, 2950000, 211.38, NULL, NULL, N'0', NULL, N'U/kep. Operasional HSSE', N'SURYOWANDARU', N'7')
INSERT [dbo].[ActualCost] ([ActualCostId], [WBSElement], [DocNumber], [RefNumber], [DocNumber2], [OffsettingAccountType], [DocType], [OriginalBusTrans], [ProjectDefinition], [CoObjectName], [CostElement], [CostElementDesc], [FiscalYear], [DocDate], [PostingDate], [CreatedOn], [TransactionCurrency], [ValueTranCurr], [ValueCoArea], [ValueHardCurr], [PurchasingDoc], [TotalQuantity], [Item], [PurchaseOrderText], [Name], [UserName], [Period]) VALUES (95, N'N/KRH1/11.08.04', N'5000002914', N'1870995', N'5000002914', N'K', N'TM', N'RFT1', N'N/KRH1/11', N'HOUSEHOLD,OFFICE, FIRE & SAFETY MAT & EQ', N'6001008100', N'EMPLOYEE TRAVEL EXPENSE', 2018, CAST(N'2018-07-05 00:00:00.000' AS DateTime), CAST(N'2018-07-05 00:00:00.000' AS DateTime), CAST(N'2018-07-05 00:00:00.000' AS DateTime), N'IDR', 1580000, 1580000, 113.21, NULL, NULL, N'0', NULL, N'U/kep. Operasional HSSE', N'SURYOWANDARU', N'7')
INSERT [dbo].[ActualCost] ([ActualCostId], [WBSElement], [DocNumber], [RefNumber], [DocNumber2], [OffsettingAccountType], [DocType], [OriginalBusTrans], [ProjectDefinition], [CoObjectName], [CostElement], [CostElementDesc], [FiscalYear], [DocDate], [PostingDate], [CreatedOn], [TransactionCurrency], [ValueTranCurr], [ValueCoArea], [ValueHardCurr], [PurchasingDoc], [TotalQuantity], [Item], [PurchaseOrderText], [Name], [UserName], [Period]) VALUES (96, N'N/KRH1/11.08.04', N'5000002914', N'1870995', N'5000002914', N'K', N'TM', N'RFT1', N'N/KRH1/11', N'HOUSEHOLD,OFFICE, FIRE & SAFETY MAT & EQ', N'6001008100', N'EMPLOYEE TRAVEL EXPENSE', 2018, CAST(N'2018-07-05 00:00:00.000' AS DateTime), CAST(N'2018-07-05 00:00:00.000' AS DateTime), CAST(N'2018-07-05 00:00:00.000' AS DateTime), N'IDR', 2475000, 2475000, 177.34, NULL, NULL, N'0', NULL, N'U/kep. Operasional HSSE', N'SURYOWANDARU', N'7')
INSERT [dbo].[ActualCost] ([ActualCostId], [WBSElement], [DocNumber], [RefNumber], [DocNumber2], [OffsettingAccountType], [DocType], [OriginalBusTrans], [ProjectDefinition], [CoObjectName], [CostElement], [CostElementDesc], [FiscalYear], [DocDate], [PostingDate], [CreatedOn], [TransactionCurrency], [ValueTranCurr], [ValueCoArea], [ValueHardCurr], [PurchasingDoc], [TotalQuantity], [Item], [PurchaseOrderText], [Name], [UserName], [Period]) VALUES (97, N'N/KRH1/11.08.04', N'5000002914', N'1870995', N'5000002914', N'K', N'TM', N'RFT1', N'N/KRH1/11', N'HOUSEHOLD,OFFICE, FIRE & SAFETY MAT & EQ', N'6001008100', N'EMPLOYEE TRAVEL EXPENSE', 2018, CAST(N'2018-07-05 00:00:00.000' AS DateTime), CAST(N'2018-07-05 00:00:00.000' AS DateTime), CAST(N'2018-07-05 00:00:00.000' AS DateTime), N'IDR', 500000, 500000, 35.83, NULL, NULL, N'0', NULL, N'U/kep. Operasional HSSE', N'SURYOWANDARU', N'7')
INSERT [dbo].[ActualCost] ([ActualCostId], [WBSElement], [DocNumber], [RefNumber], [DocNumber2], [OffsettingAccountType], [DocType], [OriginalBusTrans], [ProjectDefinition], [CoObjectName], [CostElement], [CostElementDesc], [FiscalYear], [DocDate], [PostingDate], [CreatedOn], [TransactionCurrency], [ValueTranCurr], [ValueCoArea], [ValueHardCurr], [PurchasingDoc], [TotalQuantity], [Item], [PurchaseOrderText], [Name], [UserName], [Period]) VALUES (98, N'N/KRH1/11.08.04', N'5000002914', N'1870995', N'5000002914', N'K', N'TM', N'RFT1', N'N/KRH1/11', N'HOUSEHOLD,OFFICE, FIRE & SAFETY MAT & EQ', N'6001008100', N'EMPLOYEE TRAVEL EXPENSE', 2018, CAST(N'2018-07-05 00:00:00.000' AS DateTime), CAST(N'2018-07-05 00:00:00.000' AS DateTime), CAST(N'2018-07-05 00:00:00.000' AS DateTime), N'IDR', 175000, 175000, 12.54, NULL, NULL, N'0', NULL, N'U/kep. Operasional HSSE', N'SURYOWANDARU', N'7')
INSERT [dbo].[ActualCost] ([ActualCostId], [WBSElement], [DocNumber], [RefNumber], [DocNumber2], [OffsettingAccountType], [DocType], [OriginalBusTrans], [ProjectDefinition], [CoObjectName], [CostElement], [CostElementDesc], [FiscalYear], [DocDate], [PostingDate], [CreatedOn], [TransactionCurrency], [ValueTranCurr], [ValueCoArea], [ValueHardCurr], [PurchasingDoc], [TotalQuantity], [Item], [PurchaseOrderText], [Name], [UserName], [Period]) VALUES (99, N'N/KRH1/11.08.04', N'5000002914', N'1870995', N'5000002914', N'K', N'TM', N'RFT1', N'N/KRH1/11', N'HOUSEHOLD,OFFICE, FIRE & SAFETY MAT & EQ', N'6001008100', N'EMPLOYEE TRAVEL EXPENSE', 2018, CAST(N'2018-07-05 00:00:00.000' AS DateTime), CAST(N'2018-07-05 00:00:00.000' AS DateTime), CAST(N'2018-07-05 00:00:00.000' AS DateTime), N'IDR', 9450000, 9450000, 677.13, NULL, NULL, N'0', NULL, N'U/kep. Operasional HSSE', N'SURYOWANDARU', N'7')
GO
INSERT [dbo].[ActualCost] ([ActualCostId], [WBSElement], [DocNumber], [RefNumber], [DocNumber2], [OffsettingAccountType], [DocType], [OriginalBusTrans], [ProjectDefinition], [CoObjectName], [CostElement], [CostElementDesc], [FiscalYear], [DocDate], [PostingDate], [CreatedOn], [TransactionCurrency], [ValueTranCurr], [ValueCoArea], [ValueHardCurr], [PurchasingDoc], [TotalQuantity], [Item], [PurchaseOrderText], [Name], [UserName], [Period]) VALUES (100, N'N/KRH1/11.08.04', N'5000002977', N'1870995', N'5000002977', N'K', N'TM', N'RFT1', N'N/KRH1/11', N'HOUSEHOLD,OFFICE, FIRE & SAFETY MAT & EQ', N'6001008100', N'EMPLOYEE TRAVEL EXPENSE', 2018, CAST(N'2018-07-05 00:00:00.000' AS DateTime), CAST(N'2018-07-05 00:00:00.000' AS DateTime), CAST(N'2018-07-05 00:00:00.000' AS DateTime), N'IDR', 41657000, 41657000, 2965.33, NULL, NULL, N'0', NULL, N'U/Kep. QC proyek Karaha', N'SURYOWANDARU', N'7')
INSERT [dbo].[ActualCost] ([ActualCostId], [WBSElement], [DocNumber], [RefNumber], [DocNumber2], [OffsettingAccountType], [DocType], [OriginalBusTrans], [ProjectDefinition], [CoObjectName], [CostElement], [CostElementDesc], [FiscalYear], [DocDate], [PostingDate], [CreatedOn], [TransactionCurrency], [ValueTranCurr], [ValueCoArea], [ValueHardCurr], [PurchasingDoc], [TotalQuantity], [Item], [PurchaseOrderText], [Name], [UserName], [Period]) VALUES (101, N'N/KRH1/11.08.04', N'5000003053', N'1870995', N'5000003053', N'K', N'TM', N'RFT1', N'N/KRH1/11', N'HOUSEHOLD,OFFICE, FIRE & SAFETY MAT & EQ', N'6001008100', N'EMPLOYEE TRAVEL EXPENSE', 2018, CAST(N'2018-07-05 00:00:00.000' AS DateTime), CAST(N'2018-07-05 00:00:00.000' AS DateTime), CAST(N'2018-07-05 00:00:00.000' AS DateTime), N'IDR', 19575000, 19575000, 1388.89, NULL, NULL, N'0', NULL, N'SJO1824-BS-05-18, tgl 15 Mei 2018', N'SURYOWANDARU', N'7')
INSERT [dbo].[ActualCost] ([ActualCostId], [WBSElement], [DocNumber], [RefNumber], [DocNumber2], [OffsettingAccountType], [DocType], [OriginalBusTrans], [ProjectDefinition], [CoObjectName], [CostElement], [CostElementDesc], [FiscalYear], [DocDate], [PostingDate], [CreatedOn], [TransactionCurrency], [ValueTranCurr], [ValueCoArea], [ValueHardCurr], [PurchasingDoc], [TotalQuantity], [Item], [PurchaseOrderText], [Name], [UserName], [Period]) VALUES (102, N'N/KRH1/11.08.04', N'5000003053', N'1870995', N'5000003053', N'K', N'TM', N'RFT1', N'N/KRH1/11', N'HOUSEHOLD,OFFICE, FIRE & SAFETY MAT & EQ', N'6001008100', N'EMPLOYEE TRAVEL EXPENSE', 2018, CAST(N'2018-07-05 00:00:00.000' AS DateTime), CAST(N'2018-07-05 00:00:00.000' AS DateTime), CAST(N'2018-07-05 00:00:00.000' AS DateTime), N'IDR', 1740000, 1740000, 123.46, NULL, NULL, N'0', NULL, N'SJO1824-BS-05-18, tgl 15 Mei 2018', N'SURYOWANDARU', N'7')
INSERT [dbo].[ActualCost] ([ActualCostId], [WBSElement], [DocNumber], [RefNumber], [DocNumber2], [OffsettingAccountType], [DocType], [OriginalBusTrans], [ProjectDefinition], [CoObjectName], [CostElement], [CostElementDesc], [FiscalYear], [DocDate], [PostingDate], [CreatedOn], [TransactionCurrency], [ValueTranCurr], [ValueCoArea], [ValueHardCurr], [PurchasingDoc], [TotalQuantity], [Item], [PurchaseOrderText], [Name], [UserName], [Period]) VALUES (103, N'N/KRH1/11.08.04', N'5000003053', N'1870995', N'5000003053', N'K', N'TM', N'RFT1', N'N/KRH1/11', N'HOUSEHOLD,OFFICE, FIRE & SAFETY MAT & EQ', N'6001008100', N'EMPLOYEE TRAVEL EXPENSE', 2018, CAST(N'2018-07-05 00:00:00.000' AS DateTime), CAST(N'2018-07-05 00:00:00.000' AS DateTime), CAST(N'2018-07-05 00:00:00.000' AS DateTime), N'IDR', 1334000, 1334000, 94.65, NULL, NULL, N'0', NULL, N'SJO1824-BS-05-18, tgl 15 Mei 2018', N'SURYOWANDARU', N'7')
INSERT [dbo].[ActualCost] ([ActualCostId], [WBSElement], [DocNumber], [RefNumber], [DocNumber2], [OffsettingAccountType], [DocType], [OriginalBusTrans], [ProjectDefinition], [CoObjectName], [CostElement], [CostElementDesc], [FiscalYear], [DocDate], [PostingDate], [CreatedOn], [TransactionCurrency], [ValueTranCurr], [ValueCoArea], [ValueHardCurr], [PurchasingDoc], [TotalQuantity], [Item], [PurchaseOrderText], [Name], [UserName], [Period]) VALUES (104, N'N/KRH1/11.08.04', N'5000003053', N'1870995', N'5000003053', N'K', N'TM', N'RFT1', N'N/KRH1/11', N'HOUSEHOLD,OFFICE, FIRE & SAFETY MAT & EQ', N'6001008100', N'EMPLOYEE TRAVEL EXPENSE', 2018, CAST(N'2018-07-05 00:00:00.000' AS DateTime), CAST(N'2018-07-05 00:00:00.000' AS DateTime), CAST(N'2018-07-05 00:00:00.000' AS DateTime), N'IDR', 2124250, 2124250, 150.72, NULL, NULL, N'0', NULL, N'SJO1824-BS-05-18, tgl 15 Mei 2018', N'SURYOWANDARU', N'7')
INSERT [dbo].[ActualCost] ([ActualCostId], [WBSElement], [DocNumber], [RefNumber], [DocNumber2], [OffsettingAccountType], [DocType], [OriginalBusTrans], [ProjectDefinition], [CoObjectName], [CostElement], [CostElementDesc], [FiscalYear], [DocDate], [PostingDate], [CreatedOn], [TransactionCurrency], [ValueTranCurr], [ValueCoArea], [ValueHardCurr], [PurchasingDoc], [TotalQuantity], [Item], [PurchaseOrderText], [Name], [UserName], [Period]) VALUES (105, N'N/KRH1/11.08.04', N'5000003053', N'1870995', N'5000003053', N'K', N'TM', N'RFT1', N'N/KRH1/11', N'HOUSEHOLD,OFFICE, FIRE & SAFETY MAT & EQ', N'6001008100', N'EMPLOYEE TRAVEL EXPENSE', 2018, CAST(N'2018-07-05 00:00:00.000' AS DateTime), CAST(N'2018-07-05 00:00:00.000' AS DateTime), CAST(N'2018-07-05 00:00:00.000' AS DateTime), N'IDR', 1450000, 1450000, 102.88, NULL, NULL, N'0', NULL, N'SJO1824-BS-05-18, tgl 15 Mei 2018', N'SURYOWANDARU', N'7')
INSERT [dbo].[ActualCost] ([ActualCostId], [WBSElement], [DocNumber], [RefNumber], [DocNumber2], [OffsettingAccountType], [DocType], [OriginalBusTrans], [ProjectDefinition], [CoObjectName], [CostElement], [CostElementDesc], [FiscalYear], [DocDate], [PostingDate], [CreatedOn], [TransactionCurrency], [ValueTranCurr], [ValueCoArea], [ValueHardCurr], [PurchasingDoc], [TotalQuantity], [Item], [PurchaseOrderText], [Name], [UserName], [Period]) VALUES (106, N'N/KRH1/11.08.04', N'5000003053', N'1870995', N'5000003053', N'K', N'TM', N'RFT1', N'N/KRH1/11', N'HOUSEHOLD,OFFICE, FIRE & SAFETY MAT & EQ', N'6001008100', N'EMPLOYEE TRAVEL EXPENSE', 2018, CAST(N'2018-07-05 00:00:00.000' AS DateTime), CAST(N'2018-07-05 00:00:00.000' AS DateTime), CAST(N'2018-07-05 00:00:00.000' AS DateTime), N'IDR', 2320000, 2320000, 164.61, NULL, NULL, N'0', NULL, N'SJO1824-BS-05-18, tgl 15 Mei 2018', N'SURYOWANDARU', N'7')
INSERT [dbo].[ActualCost] ([ActualCostId], [WBSElement], [DocNumber], [RefNumber], [DocNumber2], [OffsettingAccountType], [DocType], [OriginalBusTrans], [ProjectDefinition], [CoObjectName], [CostElement], [CostElementDesc], [FiscalYear], [DocDate], [PostingDate], [CreatedOn], [TransactionCurrency], [ValueTranCurr], [ValueCoArea], [ValueHardCurr], [PurchasingDoc], [TotalQuantity], [Item], [PurchaseOrderText], [Name], [UserName], [Period]) VALUES (107, N'N/KRH1/11.08.04', N'5000003053', N'1870995', N'5000003053', N'K', N'TM', N'RFT1', N'N/KRH1/11', N'HOUSEHOLD,OFFICE, FIRE & SAFETY MAT & EQ', N'6001008100', N'EMPLOYEE TRAVEL EXPENSE', 2018, CAST(N'2018-07-05 00:00:00.000' AS DateTime), CAST(N'2018-07-05 00:00:00.000' AS DateTime), CAST(N'2018-07-05 00:00:00.000' AS DateTime), N'IDR', 6614900, 6614900, 469.34, NULL, NULL, N'0', NULL, N'SJO1824-BS-05-18, tgl 15 Mei 2018', N'SURYOWANDARU', N'7')
INSERT [dbo].[ActualCost] ([ActualCostId], [WBSElement], [DocNumber], [RefNumber], [DocNumber2], [OffsettingAccountType], [DocType], [OriginalBusTrans], [ProjectDefinition], [CoObjectName], [CostElement], [CostElementDesc], [FiscalYear], [DocDate], [PostingDate], [CreatedOn], [TransactionCurrency], [ValueTranCurr], [ValueCoArea], [ValueHardCurr], [PurchasingDoc], [TotalQuantity], [Item], [PurchaseOrderText], [Name], [UserName], [Period]) VALUES (108, N'N/KRH1/11.08.04', N'5000003053', N'1870995', N'5000003053', N'K', N'TM', N'RFT1', N'N/KRH1/11', N'HOUSEHOLD,OFFICE, FIRE & SAFETY MAT & EQ', N'6001008100', N'EMPLOYEE TRAVEL EXPENSE', 2018, CAST(N'2018-07-05 00:00:00.000' AS DateTime), CAST(N'2018-07-05 00:00:00.000' AS DateTime), CAST(N'2018-07-05 00:00:00.000' AS DateTime), N'IDR', 6090000, 6090000, 432.1, NULL, NULL, N'0', NULL, N'SJO1824-BS-05-18, tgl 15 Mei 2018', N'SURYOWANDARU', N'7')
INSERT [dbo].[ActualCost] ([ActualCostId], [WBSElement], [DocNumber], [RefNumber], [DocNumber2], [OffsettingAccountType], [DocType], [OriginalBusTrans], [ProjectDefinition], [CoObjectName], [CostElement], [CostElementDesc], [FiscalYear], [DocDate], [PostingDate], [CreatedOn], [TransactionCurrency], [ValueTranCurr], [ValueCoArea], [ValueHardCurr], [PurchasingDoc], [TotalQuantity], [Item], [PurchaseOrderText], [Name], [UserName], [Period]) VALUES (109, N'N/KRH1/11.08.04', N'5000003053', N'1870995', N'5000003053', N'K', N'TM', N'RFT1', N'N/KRH1/11', N'HOUSEHOLD,OFFICE, FIRE & SAFETY MAT & EQ', N'6001008100', N'EMPLOYEE TRAVEL EXPENSE', 2018, CAST(N'2018-07-05 00:00:00.000' AS DateTime), CAST(N'2018-07-05 00:00:00.000' AS DateTime), CAST(N'2018-07-05 00:00:00.000' AS DateTime), N'IDR', 1631250, 1631250, 115.74, NULL, NULL, N'0', NULL, N'SJO1824-BS-05-18, tgl 15 Mei 2018', N'SURYOWANDARU', N'7')
INSERT [dbo].[ActualCost] ([ActualCostId], [WBSElement], [DocNumber], [RefNumber], [DocNumber2], [OffsettingAccountType], [DocType], [OriginalBusTrans], [ProjectDefinition], [CoObjectName], [CostElement], [CostElementDesc], [FiscalYear], [DocDate], [PostingDate], [CreatedOn], [TransactionCurrency], [ValueTranCurr], [ValueCoArea], [ValueHardCurr], [PurchasingDoc], [TotalQuantity], [Item], [PurchaseOrderText], [Name], [UserName], [Period]) VALUES (110, N'N/KRH1/11.08.04', N'5000003053', N'1870995', N'5000003053', N'K', N'TM', N'RFT1', N'N/KRH1/11', N'HOUSEHOLD,OFFICE, FIRE & SAFETY MAT & EQ', N'6001008100', N'EMPLOYEE TRAVEL EXPENSE', 2018, CAST(N'2018-07-05 00:00:00.000' AS DateTime), CAST(N'2018-07-05 00:00:00.000' AS DateTime), CAST(N'2018-07-05 00:00:00.000' AS DateTime), N'IDR', 6112500, 6112500, 433.7, NULL, NULL, N'0', NULL, N'SJO1824-BS-05-18, tgl 15 Mei 2018', N'SURYOWANDARU', N'7')
INSERT [dbo].[ActualCost] ([ActualCostId], [WBSElement], [DocNumber], [RefNumber], [DocNumber2], [OffsettingAccountType], [DocType], [OriginalBusTrans], [ProjectDefinition], [CoObjectName], [CostElement], [CostElementDesc], [FiscalYear], [DocDate], [PostingDate], [CreatedOn], [TransactionCurrency], [ValueTranCurr], [ValueCoArea], [ValueHardCurr], [PurchasingDoc], [TotalQuantity], [Item], [PurchaseOrderText], [Name], [UserName], [Period]) VALUES (111, N'N/KRH1/11.08.04', N'5000003053', N'1870995', N'5000003053', N'K', N'TM', N'RFT1', N'N/KRH1/11', N'HOUSEHOLD,OFFICE, FIRE & SAFETY MAT & EQ', N'6001008100', N'EMPLOYEE TRAVEL EXPENSE', 2018, CAST(N'2018-07-05 00:00:00.000' AS DateTime), CAST(N'2018-07-05 00:00:00.000' AS DateTime), CAST(N'2018-07-05 00:00:00.000' AS DateTime), N'IDR', 542300, 542300, 38.48, NULL, NULL, N'0', NULL, N'SJO1824-BS-05-18, tgl 15 Mei 2018', N'SURYOWANDARU', N'7')
INSERT [dbo].[ActualCost] ([ActualCostId], [WBSElement], [DocNumber], [RefNumber], [DocNumber2], [OffsettingAccountType], [DocType], [OriginalBusTrans], [ProjectDefinition], [CoObjectName], [CostElement], [CostElementDesc], [FiscalYear], [DocDate], [PostingDate], [CreatedOn], [TransactionCurrency], [ValueTranCurr], [ValueCoArea], [ValueHardCurr], [PurchasingDoc], [TotalQuantity], [Item], [PurchaseOrderText], [Name], [UserName], [Period]) VALUES (112, N'N/KRH1/11.08.04', N'5000003099', N'1870995', N'5000003099', N'K', N'TM', N'RFT1', N'N/KRH1/11', N'VEHICLES RENTAL', N'6001008100', N'EMPLOYEE TRAVEL EXPENSE', 2018, CAST(N'2018-07-05 00:00:00.000' AS DateTime), CAST(N'2018-07-05 00:00:00.000' AS DateTime), CAST(N'2018-07-05 00:00:00.000' AS DateTime), N'IDR', -177081370, -177081370, -12582.16, NULL, NULL, N'0', NULL, N'KRH,KRP,PT.BBI,26 SEP-25 OKT''17', N'SURYOWANDARU', N'7')
INSERT [dbo].[ActualCost] ([ActualCostId], [WBSElement], [DocNumber], [RefNumber], [DocNumber2], [OffsettingAccountType], [DocType], [OriginalBusTrans], [ProjectDefinition], [CoObjectName], [CostElement], [CostElementDesc], [FiscalYear], [DocDate], [PostingDate], [CreatedOn], [TransactionCurrency], [ValueTranCurr], [ValueCoArea], [ValueHardCurr], [PurchasingDoc], [TotalQuantity], [Item], [PurchaseOrderText], [Name], [UserName], [Period]) VALUES (113, N'N/KRH1/11.08.04', N'5000003100', N'1870995', N'5000003100', N'K', N'TM', N'RFT1', N'N/KRH1/11', N'VEHICLES RENTAL', N'6001008100', N'EMPLOYEE TRAVEL EXPENSE', 2018, CAST(N'2018-07-05 00:00:00.000' AS DateTime), CAST(N'2018-07-05 00:00:00.000' AS DateTime), CAST(N'2018-07-05 00:00:00.000' AS DateTime), N'IDR', -171102930, -171102930, -12629.39, NULL, NULL, N'0', NULL, N'KRH,KRP,PT.BBI,26 NOP-25 DES''17', N'SURYOWANDARU', N'7')
INSERT [dbo].[ActualCost] ([ActualCostId], [WBSElement], [DocNumber], [RefNumber], [DocNumber2], [OffsettingAccountType], [DocType], [OriginalBusTrans], [ProjectDefinition], [CoObjectName], [CostElement], [CostElementDesc], [FiscalYear], [DocDate], [PostingDate], [CreatedOn], [TransactionCurrency], [ValueTranCurr], [ValueCoArea], [ValueHardCurr], [PurchasingDoc], [TotalQuantity], [Item], [PurchaseOrderText], [Name], [UserName], [Period]) VALUES (114, N'N/KRH1/11.08.04', N'5000003097', N'1870995', N'5000003097', N'K', N'TM', N'RFT1', N'N/KRH1/11', N'VEHICLES RENTAL', N'6001008100', N'EMPLOYEE TRAVEL EXPENSE', 2018, CAST(N'2018-07-05 00:00:00.000' AS DateTime), CAST(N'2018-07-05 00:00:00.000' AS DateTime), CAST(N'2018-07-05 00:00:00.000' AS DateTime), N'IDR', -187029450, -187029450, -13804.95, NULL, NULL, N'0', NULL, N'KRH,KRP,PT.BBI,26 OKT-25 NOP''17', N'SURYOWANDARU', N'7')
INSERT [dbo].[ActualCost] ([ActualCostId], [WBSElement], [DocNumber], [RefNumber], [DocNumber2], [OffsettingAccountType], [DocType], [OriginalBusTrans], [ProjectDefinition], [CoObjectName], [CostElement], [CostElementDesc], [FiscalYear], [DocDate], [PostingDate], [CreatedOn], [TransactionCurrency], [ValueTranCurr], [ValueCoArea], [ValueHardCurr], [PurchasingDoc], [TotalQuantity], [Item], [PurchaseOrderText], [Name], [UserName], [Period]) VALUES (115, N'N/KRH1/11.08.04', N'5000003098', N'1870995', N'5000003098', N'K', N'TM', N'RFT1', N'N/KRH1/11', N'VEHICLES RENTAL', N'6001008100', N'EMPLOYEE TRAVEL EXPENSE', 2018, CAST(N'2018-07-05 00:00:00.000' AS DateTime), CAST(N'2018-07-05 00:00:00.000' AS DateTime), CAST(N'2018-07-05 00:00:00.000' AS DateTime), N'IDR', 177081370, 177081370, 12582.16, NULL, NULL, N'0', NULL, N'KRH,KRP,PT.BBI,26 SEP-25 OKT''17', N'SURYOWANDARU', N'7')
INSERT [dbo].[ActualCost] ([ActualCostId], [WBSElement], [DocNumber], [RefNumber], [DocNumber2], [OffsettingAccountType], [DocType], [OriginalBusTrans], [ProjectDefinition], [CoObjectName], [CostElement], [CostElementDesc], [FiscalYear], [DocDate], [PostingDate], [CreatedOn], [TransactionCurrency], [ValueTranCurr], [ValueCoArea], [ValueHardCurr], [PurchasingDoc], [TotalQuantity], [Item], [PurchaseOrderText], [Name], [UserName], [Period]) VALUES (116, N'N/KRH1/11.08.04', N'5000003122', N'1870995', N'5000003122', N'K', N'TM', N'RFT1', N'N/KRH1/11', N'VEHICLES RENTAL', N'6001008100', N'EMPLOYEE TRAVEL EXPENSE', 2018, CAST(N'2018-07-05 00:00:00.000' AS DateTime), CAST(N'2018-07-05 00:00:00.000' AS DateTime), CAST(N'2018-07-05 00:00:00.000' AS DateTime), N'IDR', 173378900, 173378900, 12290.27, NULL, NULL, N'0', NULL, N'KRH,KRP,PT.BBI,26 SEP-25 OKT''17', N'SURYOWANDARU', N'7')
INSERT [dbo].[ActualCost] ([ActualCostId], [WBSElement], [DocNumber], [RefNumber], [DocNumber2], [OffsettingAccountType], [DocType], [OriginalBusTrans], [ProjectDefinition], [CoObjectName], [CostElement], [CostElementDesc], [FiscalYear], [DocDate], [PostingDate], [CreatedOn], [TransactionCurrency], [ValueTranCurr], [ValueCoArea], [ValueHardCurr], [PurchasingDoc], [TotalQuantity], [Item], [PurchaseOrderText], [Name], [UserName], [Period]) VALUES (117, N'N/KRH1/11.08.04', N'5000003123', N'1870995', N'5000003123', N'K', N'TM', N'RFT1', N'N/KRH1/11', N'VEHICLES RENTAL', N'6001008100', N'EMPLOYEE TRAVEL EXPENSE', 2018, CAST(N'2018-07-05 00:00:00.000' AS DateTime), CAST(N'2018-07-05 00:00:00.000' AS DateTime), CAST(N'2018-07-05 00:00:00.000' AS DateTime), N'IDR', 167496400, 167496400, 11873.28, NULL, NULL, N'0', NULL, N'KRH,KRP,PT.BBI,26 NOP-25 DES''17', N'SURYOWANDARU', N'7')
INSERT [dbo].[ActualCost] ([ActualCostId], [WBSElement], [DocNumber], [RefNumber], [DocNumber2], [OffsettingAccountType], [DocType], [OriginalBusTrans], [ProjectDefinition], [CoObjectName], [CostElement], [CostElementDesc], [FiscalYear], [DocDate], [PostingDate], [CreatedOn], [TransactionCurrency], [ValueTranCurr], [ValueCoArea], [ValueHardCurr], [PurchasingDoc], [TotalQuantity], [Item], [PurchaseOrderText], [Name], [UserName], [Period]) VALUES (118, N'N/KRH1/11.08.04', N'5000003124', N'1870995', N'5000003124', N'K', N'TM', N'RFT1', N'N/KRH1/11', N'VEHICLES RENTAL', N'6001008100', N'EMPLOYEE TRAVEL EXPENSE', 2018, CAST(N'2018-07-05 00:00:00.000' AS DateTime), CAST(N'2018-07-05 00:00:00.000' AS DateTime), CAST(N'2018-07-05 00:00:00.000' AS DateTime), N'IDR', 184092400, 184092400, 13049.72, NULL, NULL, N'0', NULL, N'KRH,KRP,PT.BBI,26 OKT-25 NOP''17', N'SURYOWANDARU', N'7')
INSERT [dbo].[ActualCost] ([ActualCostId], [WBSElement], [DocNumber], [RefNumber], [DocNumber2], [OffsettingAccountType], [DocType], [OriginalBusTrans], [ProjectDefinition], [CoObjectName], [CostElement], [CostElementDesc], [FiscalYear], [DocDate], [PostingDate], [CreatedOn], [TransactionCurrency], [ValueTranCurr], [ValueCoArea], [ValueHardCurr], [PurchasingDoc], [TotalQuantity], [Item], [PurchaseOrderText], [Name], [UserName], [Period]) VALUES (119, N'N/KRH1/11.08.04', N'5000003121', N'1870995', N'5000003121', N'K', N'TM', N'RFT1', N'N/KRH1/11', N'LABOR & SUPERVISION - OUTSIDE EXPENSE', N'6001008100', N'EMPLOYEE TRAVEL EXPENSE', 2018, CAST(N'2018-07-05 00:00:00.000' AS DateTime), CAST(N'2018-07-05 00:00:00.000' AS DateTime), CAST(N'2018-07-05 00:00:00.000' AS DateTime), N'IDR', 60843756, 60843756, 4313.02, NULL, NULL, N'0', NULL, N'KRH,Penyesuain Upah Jasa Pengamanan,18', N'SURYOWANDARU', N'7')
INSERT [dbo].[ActualCost] ([ActualCostId], [WBSElement], [DocNumber], [RefNumber], [DocNumber2], [OffsettingAccountType], [DocType], [OriginalBusTrans], [ProjectDefinition], [CoObjectName], [CostElement], [CostElementDesc], [FiscalYear], [DocDate], [PostingDate], [CreatedOn], [TransactionCurrency], [ValueTranCurr], [ValueCoArea], [ValueHardCurr], [PurchasingDoc], [TotalQuantity], [Item], [PurchaseOrderText], [Name], [UserName], [Period]) VALUES (120, N'N/KRH1/11.08.04', N'5000003191', N'1870995', N'5000003191', N'K', N'TM', N'RFT1', N'N/KRH1/11', N'HOUSEHOLD,OFFICE, FIRE & SAFETY MAT & EQ', N'6001008100', N'EMPLOYEE TRAVEL EXPENSE', 2018, CAST(N'2018-07-05 00:00:00.000' AS DateTime), CAST(N'2018-07-05 00:00:00.000' AS DateTime), CAST(N'2018-07-05 00:00:00.000' AS DateTime), N'IDR', 49000000, 49000000, 3456.55, NULL, NULL, N'0', NULL, N'U/kep. Operasional HSSE Karaha', N'SURYOWANDARU', N'7')
INSERT [dbo].[ActualCost] ([ActualCostId], [WBSElement], [DocNumber], [RefNumber], [DocNumber2], [OffsettingAccountType], [DocType], [OriginalBusTrans], [ProjectDefinition], [CoObjectName], [CostElement], [CostElementDesc], [FiscalYear], [DocDate], [PostingDate], [CreatedOn], [TransactionCurrency], [ValueTranCurr], [ValueCoArea], [ValueHardCurr], [PurchasingDoc], [TotalQuantity], [Item], [PurchaseOrderText], [Name], [UserName], [Period]) VALUES (121, N'N/KRH1/11.08.04', N'5000003315', N'1870995', N'5000003315', N'K', N'TM', N'RFT1', N'N/KRH1/11', N'OTHER PROFESSIONAL EXPENSE', N'6001008100', N'EMPLOYEE TRAVEL EXPENSE', 2018, CAST(N'2018-07-05 00:00:00.000' AS DateTime), CAST(N'2018-07-05 00:00:00.000' AS DateTime), CAST(N'2018-07-05 00:00:00.000' AS DateTime), N'IDR', 4176000, 4176000, 294.25, NULL, NULL, N'0', NULL, N'KRH,Biaya TK Ahli survey 2018', N'SURYOWANDARU', N'7')
INSERT [dbo].[ActualCost] ([ActualCostId], [WBSElement], [DocNumber], [RefNumber], [DocNumber2], [OffsettingAccountType], [DocType], [OriginalBusTrans], [ProjectDefinition], [CoObjectName], [CostElement], [CostElementDesc], [FiscalYear], [DocDate], [PostingDate], [CreatedOn], [TransactionCurrency], [ValueTranCurr], [ValueCoArea], [ValueHardCurr], [PurchasingDoc], [TotalQuantity], [Item], [PurchaseOrderText], [Name], [UserName], [Period]) VALUES (122, N'N/KRH1/11.08.04', N'5100003688', N'1870995', N'5100003688', N'K', N'TM', N'RFT1', N'N/KRH1/11', N'SATELLITE LEASE', N'6001008100', N'EMPLOYEE TRAVEL EXPENSE', 2018, CAST(N'2018-07-05 00:00:00.000' AS DateTime), CAST(N'2018-07-05 00:00:00.000' AS DateTime), CAST(N'2018-07-05 00:00:00.000' AS DateTime), N'IDR', -640000, -640000, -45.61, NULL, NULL, N'0', NULL, N'Cr. Biaya (6001012120/N/KRH1/11.08.04) IDR 640.000', N'SURYOWANDARU', N'7')
INSERT [dbo].[ActualCost] ([ActualCostId], [WBSElement], [DocNumber], [RefNumber], [DocNumber2], [OffsettingAccountType], [DocType], [OriginalBusTrans], [ProjectDefinition], [CoObjectName], [CostElement], [CostElementDesc], [FiscalYear], [DocDate], [PostingDate], [CreatedOn], [TransactionCurrency], [ValueTranCurr], [ValueCoArea], [ValueHardCurr], [PurchasingDoc], [TotalQuantity], [Item], [PurchaseOrderText], [Name], [UserName], [Period]) VALUES (123, N'N/KRH1/11.08.04', N'5000003503', N'1870995', N'5000003503', N'K', N'TM', N'RFT1', N'N/KRH1/11', N'LABOR & SUPERVISION - OUTSIDE EXPENSE', N'6001008100', N'EMPLOYEE TRAVEL EXPENSE', 2018, CAST(N'2018-07-05 00:00:00.000' AS DateTime), CAST(N'2018-07-05 00:00:00.000' AS DateTime), CAST(N'2018-07-05 00:00:00.000' AS DateTime), N'IDR', -762140, -762140, -55.4, NULL, NULL, N'0', NULL, N'KRH,Dinas OS IT KMJ ke KRH,17', N'SURYOWANDARU', N'7')
INSERT [dbo].[ActualCost] ([ActualCostId], [WBSElement], [DocNumber], [RefNumber], [DocNumber2], [OffsettingAccountType], [DocType], [OriginalBusTrans], [ProjectDefinition], [CoObjectName], [CostElement], [CostElementDesc], [FiscalYear], [DocDate], [PostingDate], [CreatedOn], [TransactionCurrency], [ValueTranCurr], [ValueCoArea], [ValueHardCurr], [PurchasingDoc], [TotalQuantity], [Item], [PurchaseOrderText], [Name], [UserName], [Period]) VALUES (124, N'N/KRH1/11.08.04', N'5000003504', N'1870995', N'5000003504', N'K', N'TM', N'RFT1', N'N/KRH1/11', N'LABOR & SUPERVISION - OUTSIDE EXPENSE', N'6001008100', N'EMPLOYEE TRAVEL EXPENSE', 2018, CAST(N'2018-07-05 00:00:00.000' AS DateTime), CAST(N'2018-07-05 00:00:00.000' AS DateTime), CAST(N'2018-07-05 00:00:00.000' AS DateTime), N'IDR', 762140, 762140, 54.31, NULL, NULL, N'0', NULL, N'KRH,Dinas OS IT KMJ ke KRH,17', N'SURYOWANDARU', N'7')
INSERT [dbo].[ActualCost] ([ActualCostId], [WBSElement], [DocNumber], [RefNumber], [DocNumber2], [OffsettingAccountType], [DocType], [OriginalBusTrans], [ProjectDefinition], [CoObjectName], [CostElement], [CostElementDesc], [FiscalYear], [DocDate], [PostingDate], [CreatedOn], [TransactionCurrency], [ValueTranCurr], [ValueCoArea], [ValueHardCurr], [PurchasingDoc], [TotalQuantity], [Item], [PurchaseOrderText], [Name], [UserName], [Period]) VALUES (125, N'N/KRH1/11.08.04', N'5000003517', N'1870995', N'5000003517', N'K', N'TM', N'RFT1', N'N/KRH1/11', N'LABOR & SUPERVISION - OUTSIDE EXPENSE', N'6001008100', N'EMPLOYEE TRAVEL EXPENSE', 2018, CAST(N'2018-07-05 00:00:00.000' AS DateTime), CAST(N'2018-07-05 00:00:00.000' AS DateTime), CAST(N'2018-07-05 00:00:00.000' AS DateTime), N'IDR', -104528796, -104528796, -7598.78, NULL, NULL, N'0', NULL, N'KRH,Jasa Pengamanan Sekuriti,MAPS''17', N'SURYOWANDARU', N'7')
INSERT [dbo].[ActualCost] ([ActualCostId], [WBSElement], [DocNumber], [RefNumber], [DocNumber2], [OffsettingAccountType], [DocType], [OriginalBusTrans], [ProjectDefinition], [CoObjectName], [CostElement], [CostElementDesc], [FiscalYear], [DocDate], [PostingDate], [CreatedOn], [TransactionCurrency], [ValueTranCurr], [ValueCoArea], [ValueHardCurr], [PurchasingDoc], [TotalQuantity], [Item], [PurchaseOrderText], [Name], [UserName], [Period]) VALUES (126, N'N/KRH1/11.08.04', N'5000003518', N'1870995', N'5000003518', N'K', N'TM', N'RFT1', N'N/KRH1/11', N'LABOR & SUPERVISION - OUTSIDE EXPENSE', N'6001008100', N'EMPLOYEE TRAVEL EXPENSE', 2018, CAST(N'2018-07-05 00:00:00.000' AS DateTime), CAST(N'2018-07-05 00:00:00.000' AS DateTime), CAST(N'2018-07-05 00:00:00.000' AS DateTime), N'IDR', 104528796, 104528796, 7449.32, NULL, NULL, N'0', NULL, N'KRH,Jasa Pengamanan Sekuriti,MAPS''17', N'SURYOWANDARU', N'7')
INSERT [dbo].[ActualCost] ([ActualCostId], [WBSElement], [DocNumber], [RefNumber], [DocNumber2], [OffsettingAccountType], [DocType], [OriginalBusTrans], [ProjectDefinition], [CoObjectName], [CostElement], [CostElementDesc], [FiscalYear], [DocDate], [PostingDate], [CreatedOn], [TransactionCurrency], [ValueTranCurr], [ValueCoArea], [ValueHardCurr], [PurchasingDoc], [TotalQuantity], [Item], [PurchaseOrderText], [Name], [UserName], [Period]) VALUES (127, N'N/KRH1/11.08.04', N'5000003519', N'1870995', N'5000003519', N'K', N'TM', N'RFT1', N'N/KRH1/11', N'PERMITS, DAMAGES, RIGHT OF WAY SERVICE', N'6001008100', N'EMPLOYEE TRAVEL EXPENSE', 2018, CAST(N'2018-07-05 00:00:00.000' AS DateTime), CAST(N'2018-07-05 00:00:00.000' AS DateTime), CAST(N'2018-07-05 00:00:00.000' AS DateTime), N'IDR', -62050825, -62050825, -4510.82, NULL, NULL, N'0', NULL, N'KRH,termyn-3,Jasa batas kompen IPPKH''17', N'SURYOWANDARU', N'7')
INSERT [dbo].[ActualCost] ([ActualCostId], [WBSElement], [DocNumber], [RefNumber], [DocNumber2], [OffsettingAccountType], [DocType], [OriginalBusTrans], [ProjectDefinition], [CoObjectName], [CostElement], [CostElementDesc], [FiscalYear], [DocDate], [PostingDate], [CreatedOn], [TransactionCurrency], [ValueTranCurr], [ValueCoArea], [ValueHardCurr], [PurchasingDoc], [TotalQuantity], [Item], [PurchaseOrderText], [Name], [UserName], [Period]) VALUES (128, N'N/KRH1/11.08.04', N'5000003520', N'1870995', N'5000003520', N'K', N'TM', N'RFT1', N'N/KRH1/11', N'PERMITS, DAMAGES, RIGHT OF WAY SERVICE', N'6001008100', N'EMPLOYEE TRAVEL EXPENSE', 2018, CAST(N'2018-07-05 00:00:00.000' AS DateTime), CAST(N'2018-07-05 00:00:00.000' AS DateTime), CAST(N'2018-07-05 00:00:00.000' AS DateTime), N'IDR', 62050825, 62050825, 4422.09, NULL, NULL, N'0', NULL, N'KRH,termyn-3,Jasa batas kompen IPPKH''17', N'SURYOWANDARU', N'7')
INSERT [dbo].[ActualCost] ([ActualCostId], [WBSElement], [DocNumber], [RefNumber], [DocNumber2], [OffsettingAccountType], [DocType], [OriginalBusTrans], [ProjectDefinition], [CoObjectName], [CostElement], [CostElementDesc], [FiscalYear], [DocDate], [PostingDate], [CreatedOn], [TransactionCurrency], [ValueTranCurr], [ValueCoArea], [ValueHardCurr], [PurchasingDoc], [TotalQuantity], [Item], [PurchaseOrderText], [Name], [UserName], [Period]) VALUES (129, N'N/KRH1/11.08.04', N'5000003505', N'1870995', N'5000003505', N'K', N'TM', N'RFT1', N'N/KRH1/11', N'VEHICLES RENTAL', N'6001008100', N'EMPLOYEE TRAVEL EXPENSE', 2018, CAST(N'2018-07-05 00:00:00.000' AS DateTime), CAST(N'2018-07-05 00:00:00.000' AS DateTime), CAST(N'2018-07-05 00:00:00.000' AS DateTime), N'IDR', -5116250, -5116250, -371.93, NULL, NULL, N'0', NULL, N'KRH,Sewa 3 Unit Motor,Februari''2018', N'SURYOWANDARU', N'7')
INSERT [dbo].[ActualCost] ([ActualCostId], [WBSElement], [DocNumber], [RefNumber], [DocNumber2], [OffsettingAccountType], [DocType], [OriginalBusTrans], [ProjectDefinition], [CoObjectName], [CostElement], [CostElementDesc], [FiscalYear], [DocDate], [PostingDate], [CreatedOn], [TransactionCurrency], [ValueTranCurr], [ValueCoArea], [ValueHardCurr], [PurchasingDoc], [TotalQuantity], [Item], [PurchaseOrderText], [Name], [UserName], [Period]) VALUES (130, N'N/KRH1/11.08.04', N'5000003507', N'1870995', N'5000003507', N'K', N'TM', N'RFT1', N'N/KRH1/11', N'VEHICLES RENTAL', N'6001008100', N'EMPLOYEE TRAVEL EXPENSE', 2018, CAST(N'2018-07-05 00:00:00.000' AS DateTime), CAST(N'2018-07-05 00:00:00.000' AS DateTime), CAST(N'2018-07-05 00:00:00.000' AS DateTime), N'IDR', -5116250, -5116250, -371.93, NULL, NULL, N'0', NULL, N'KRH,Sewa 3 Unit Motor,Maret''2018', N'SURYOWANDARU', N'7')
INSERT [dbo].[ActualCost] ([ActualCostId], [WBSElement], [DocNumber], [RefNumber], [DocNumber2], [OffsettingAccountType], [DocType], [OriginalBusTrans], [ProjectDefinition], [CoObjectName], [CostElement], [CostElementDesc], [FiscalYear], [DocDate], [PostingDate], [CreatedOn], [TransactionCurrency], [ValueTranCurr], [ValueCoArea], [ValueHardCurr], [PurchasingDoc], [TotalQuantity], [Item], [PurchaseOrderText], [Name], [UserName], [Period]) VALUES (131, N'N/KRH1/11.08.04', N'5000003506', N'1870995', N'5000003506', N'K', N'TM', N'RFT1', N'N/KRH1/11', N'VEHICLES RENTAL', N'6001008100', N'EMPLOYEE TRAVEL EXPENSE', 2018, CAST(N'2018-07-05 00:00:00.000' AS DateTime), CAST(N'2018-07-05 00:00:00.000' AS DateTime), CAST(N'2018-07-05 00:00:00.000' AS DateTime), N'IDR', 5116250, 5116250, 364.61, NULL, NULL, N'0', NULL, N'KRH,Sewa 3 Unit Motor,Februari''2018', N'SURYOWANDARU', N'7')
INSERT [dbo].[ActualCost] ([ActualCostId], [WBSElement], [DocNumber], [RefNumber], [DocNumber2], [OffsettingAccountType], [DocType], [OriginalBusTrans], [ProjectDefinition], [CoObjectName], [CostElement], [CostElementDesc], [FiscalYear], [DocDate], [PostingDate], [CreatedOn], [TransactionCurrency], [ValueTranCurr], [ValueCoArea], [ValueHardCurr], [PurchasingDoc], [TotalQuantity], [Item], [PurchaseOrderText], [Name], [UserName], [Period]) VALUES (132, N'N/KRH1/11.08.04', N'5000003508', N'1870995', N'5000003508', N'K', N'TM', N'RFT1', N'N/KRH1/11', N'VEHICLES RENTAL', N'6001008100', N'EMPLOYEE TRAVEL EXPENSE', 2018, CAST(N'2018-07-05 00:00:00.000' AS DateTime), CAST(N'2018-07-05 00:00:00.000' AS DateTime), CAST(N'2018-07-05 00:00:00.000' AS DateTime), N'IDR', 5116250, 5116250, 364.61, NULL, NULL, N'0', NULL, N'KRH,Sewa 3 Unit Motor,Maret''2018', N'SURYOWANDARU', N'7')
INSERT [dbo].[ActualCost] ([ActualCostId], [WBSElement], [DocNumber], [RefNumber], [DocNumber2], [OffsettingAccountType], [DocType], [OriginalBusTrans], [ProjectDefinition], [CoObjectName], [CostElement], [CostElementDesc], [FiscalYear], [DocDate], [PostingDate], [CreatedOn], [TransactionCurrency], [ValueTranCurr], [ValueCoArea], [ValueHardCurr], [PurchasingDoc], [TotalQuantity], [Item], [PurchaseOrderText], [Name], [UserName], [Period]) VALUES (133, N'N/KRH1/11.08.04', N'5000003452', N'1870995', N'5000003452', N'K', N'TM', N'RFT1', N'N/KRH1/11', N'TRANSPORTATION MATERIAL & EQUIPMENT CONS', N'6001008100', N'EMPLOYEE TRAVEL EXPENSE', 2018, CAST(N'2018-07-05 00:00:00.000' AS DateTime), CAST(N'2018-07-05 00:00:00.000' AS DateTime), CAST(N'2018-07-05 00:00:00.000' AS DateTime), N'IDR', 78688000, 78688000, 5607.75, NULL, NULL, N'0', NULL, N'U/Kep. Operasional Bulan April 2018', N'SURYOWANDARU', N'7')
INSERT [dbo].[ActualCost] ([ActualCostId], [WBSElement], [DocNumber], [RefNumber], [DocNumber2], [OffsettingAccountType], [DocType], [OriginalBusTrans], [ProjectDefinition], [CoObjectName], [CostElement], [CostElementDesc], [FiscalYear], [DocDate], [PostingDate], [CreatedOn], [TransactionCurrency], [ValueTranCurr], [ValueCoArea], [ValueHardCurr], [PurchasingDoc], [TotalQuantity], [Item], [PurchaseOrderText], [Name], [UserName], [Period]) VALUES (134, N'N/KRH1/11.08.04', N'100029192', N'1870995', N'100029192', N'K', N'TM', N'RFT1', N'N/KRH1/11', N'EMPLOYEE TRAVEL EXPENSE', N'6001008100', N'EMPLOYEE TRAVEL EXPENSE', 2018, CAST(N'2018-07-05 00:00:00.000' AS DateTime), CAST(N'2018-07-05 00:00:00.000' AS DateTime), CAST(N'2018-07-05 00:00:00.000' AS DateTime), N'USD', NULL, NULL, 3.59, NULL, NULL, N'0', NULL, N'AUC POST', N'SURYOWANDARU', N'7')
INSERT [dbo].[ActualCost] ([ActualCostId], [WBSElement], [DocNumber], [RefNumber], [DocNumber2], [OffsettingAccountType], [DocType], [OriginalBusTrans], [ProjectDefinition], [CoObjectName], [CostElement], [CostElementDesc], [FiscalYear], [DocDate], [PostingDate], [CreatedOn], [TransactionCurrency], [ValueTranCurr], [ValueCoArea], [ValueHardCurr], [PurchasingDoc], [TotalQuantity], [Item], [PurchaseOrderText], [Name], [UserName], [Period]) VALUES (135, N'N/KRH1/11.08.04', N'100029192', N'1870995', N'100029192', N'K', N'TM', N'RFT1', N'N/KRH1/11', N'VEHICLES RENTAL', N'6001008100', N'EMPLOYEE TRAVEL EXPENSE', 2018, CAST(N'2018-07-05 00:00:00.000' AS DateTime), CAST(N'2018-07-05 00:00:00.000' AS DateTime), CAST(N'2018-07-05 00:00:00.000' AS DateTime), N'USD', NULL, NULL, 1194.37, NULL, NULL, N'0', NULL, N'AUC POST', N'SURYOWANDARU', N'7')
INSERT [dbo].[ActualCost] ([ActualCostId], [WBSElement], [DocNumber], [RefNumber], [DocNumber2], [OffsettingAccountType], [DocType], [OriginalBusTrans], [ProjectDefinition], [CoObjectName], [CostElement], [CostElementDesc], [FiscalYear], [DocDate], [PostingDate], [CreatedOn], [TransactionCurrency], [ValueTranCurr], [ValueCoArea], [ValueHardCurr], [PurchasingDoc], [TotalQuantity], [Item], [PurchaseOrderText], [Name], [UserName], [Period]) VALUES (136, N'N/KRH1/11.08.04', N'100029192', N'1870995', N'100029192', N'K', N'TM', N'RFT1', N'N/KRH1/11', N'SATELLITE LEASE', N'6001008100', N'EMPLOYEE TRAVEL EXPENSE', 2018, CAST(N'2018-07-05 00:00:00.000' AS DateTime), CAST(N'2018-07-05 00:00:00.000' AS DateTime), CAST(N'2018-07-05 00:00:00.000' AS DateTime), N'USD', NULL, NULL, 2.79, NULL, NULL, N'0', NULL, N'AUC POST', N'SURYOWANDARU', N'7')
INSERT [dbo].[ActualCost] ([ActualCostId], [WBSElement], [DocNumber], [RefNumber], [DocNumber2], [OffsettingAccountType], [DocType], [OriginalBusTrans], [ProjectDefinition], [CoObjectName], [CostElement], [CostElementDesc], [FiscalYear], [DocDate], [PostingDate], [CreatedOn], [TransactionCurrency], [ValueTranCurr], [ValueCoArea], [ValueHardCurr], [PurchasingDoc], [TotalQuantity], [Item], [PurchaseOrderText], [Name], [UserName], [Period]) VALUES (137, N'N/KRH1/11.08.04', N'100029192', N'1870995', N'100029192', N'K', N'TM', N'RFT1', N'N/KRH1/11', N'HOUSEHOLD,OFFICE, FIRE & SAFETY MAT & EQ', N'6001008100', N'EMPLOYEE TRAVEL EXPENSE', 2018, CAST(N'2018-07-05 00:00:00.000' AS DateTime), CAST(N'2018-07-05 00:00:00.000' AS DateTime), CAST(N'2018-07-05 00:00:00.000' AS DateTime), N'USD', NULL, NULL, -0.01, NULL, NULL, N'0', NULL, N'AUC POST', N'SURYOWANDARU', N'7')
INSERT [dbo].[ActualCost] ([ActualCostId], [WBSElement], [DocNumber], [RefNumber], [DocNumber2], [OffsettingAccountType], [DocType], [OriginalBusTrans], [ProjectDefinition], [CoObjectName], [CostElement], [CostElementDesc], [FiscalYear], [DocDate], [PostingDate], [CreatedOn], [TransactionCurrency], [ValueTranCurr], [ValueCoArea], [ValueHardCurr], [PurchasingDoc], [TotalQuantity], [Item], [PurchaseOrderText], [Name], [UserName], [Period]) VALUES (138, N'N/KRH1/11.08.04', N'100029192', N'1870995', N'100029192', N'K', N'TM', N'RFT1', N'N/KRH1/11', N'PERMITS, DAMAGES, RIGHT OF WAY SERVICE', N'6001008100', N'EMPLOYEE TRAVEL EXPENSE', 2018, CAST(N'2018-07-05 00:00:00.000' AS DateTime), CAST(N'2018-07-05 00:00:00.000' AS DateTime), CAST(N'2018-07-05 00:00:00.000' AS DateTime), N'USD', NULL, NULL, 88.73, NULL, NULL, N'0', NULL, N'AUC POST', N'SURYOWANDARU', N'7')
INSERT [dbo].[ActualCost] ([ActualCostId], [WBSElement], [DocNumber], [RefNumber], [DocNumber2], [OffsettingAccountType], [DocType], [OriginalBusTrans], [ProjectDefinition], [CoObjectName], [CostElement], [CostElementDesc], [FiscalYear], [DocDate], [PostingDate], [CreatedOn], [TransactionCurrency], [ValueTranCurr], [ValueCoArea], [ValueHardCurr], [PurchasingDoc], [TotalQuantity], [Item], [PurchaseOrderText], [Name], [UserName], [Period]) VALUES (139, N'N/KRH1/11.08.04', N'100029192', N'1870995', N'100029192', N'K', N'TM', N'RFT1', N'N/KRH1/11', N'LABOR & SUPERVISION - OUTSIDE EXPENSE', N'6001008100', N'EMPLOYEE TRAVEL EXPENSE', 2018, CAST(N'2018-07-05 00:00:00.000' AS DateTime), CAST(N'2018-07-05 00:00:00.000' AS DateTime), CAST(N'2018-07-05 00:00:00.000' AS DateTime), N'USD', NULL, NULL, 198.78, NULL, NULL, N'0', NULL, N'AUC POST', N'SURYOWANDARU', N'7')
INSERT [dbo].[ActualCost] ([ActualCostId], [WBSElement], [DocNumber], [RefNumber], [DocNumber2], [OffsettingAccountType], [DocType], [OriginalBusTrans], [ProjectDefinition], [CoObjectName], [CostElement], [CostElementDesc], [FiscalYear], [DocDate], [PostingDate], [CreatedOn], [TransactionCurrency], [ValueTranCurr], [ValueCoArea], [ValueHardCurr], [PurchasingDoc], [TotalQuantity], [Item], [PurchaseOrderText], [Name], [UserName], [Period]) VALUES (140, N'N/KRH1/11.08.04', N'100029192', N'1870995', N'100029192', N'K', N'TM', N'RFT1', N'N/KRH1/11', N'CONSULTING EXPENSE', N'6001008100', N'EMPLOYEE TRAVEL EXPENSE', 2018, CAST(N'2018-07-05 00:00:00.000' AS DateTime), CAST(N'2018-07-05 00:00:00.000' AS DateTime), CAST(N'2018-07-05 00:00:00.000' AS DateTime), N'USD', NULL, NULL, -0.91, NULL, NULL, N'0', NULL, N'AUC POST', N'SURYOWANDARU', N'7')
INSERT [dbo].[ActualCost] ([ActualCostId], [WBSElement], [DocNumber], [RefNumber], [DocNumber2], [OffsettingAccountType], [DocType], [OriginalBusTrans], [ProjectDefinition], [CoObjectName], [CostElement], [CostElementDesc], [FiscalYear], [DocDate], [PostingDate], [CreatedOn], [TransactionCurrency], [ValueTranCurr], [ValueCoArea], [ValueHardCurr], [PurchasingDoc], [TotalQuantity], [Item], [PurchaseOrderText], [Name], [UserName], [Period]) VALUES (141, N'N/KRH1/11.08.04', N'100029192', N'1870995', N'100029192', N'K', N'TM', N'RFT1', N'N/KRH1/11', N'OTHER PROFESSIONAL EXPENSE', N'6001008100', N'EMPLOYEE TRAVEL EXPENSE', 2018, CAST(N'2018-07-05 00:00:00.000' AS DateTime), CAST(N'2018-07-05 00:00:00.000' AS DateTime), CAST(N'2018-07-05 00:00:00.000' AS DateTime), N'USD', NULL, NULL, 5.08, NULL, NULL, N'0', NULL, N'AUC POST', N'SURYOWANDARU', N'7')
INSERT [dbo].[ActualCost] ([ActualCostId], [WBSElement], [DocNumber], [RefNumber], [DocNumber2], [OffsettingAccountType], [DocType], [OriginalBusTrans], [ProjectDefinition], [CoObjectName], [CostElement], [CostElementDesc], [FiscalYear], [DocDate], [PostingDate], [CreatedOn], [TransactionCurrency], [ValueTranCurr], [ValueCoArea], [ValueHardCurr], [PurchasingDoc], [TotalQuantity], [Item], [PurchaseOrderText], [Name], [UserName], [Period]) VALUES (142, N'N/KRH1/11.08.04', N'100029192', N'1870995', N'100029192', N'K', N'TM', N'RFT1', N'N/KRH1/11', N'OFFICE MANAGEMENT EXPENSE', N'6001008100', N'EMPLOYEE TRAVEL EXPENSE', 2018, CAST(N'2018-07-05 00:00:00.000' AS DateTime), CAST(N'2018-07-05 00:00:00.000' AS DateTime), CAST(N'2018-07-05 00:00:00.000' AS DateTime), N'USD', NULL, NULL, 55.83, NULL, NULL, N'0', NULL, N'AUC POST', N'SURYOWANDARU', N'7')
INSERT [dbo].[ActualCost] ([ActualCostId], [WBSElement], [DocNumber], [RefNumber], [DocNumber2], [OffsettingAccountType], [DocType], [OriginalBusTrans], [ProjectDefinition], [CoObjectName], [CostElement], [CostElementDesc], [FiscalYear], [DocDate], [PostingDate], [CreatedOn], [TransactionCurrency], [ValueTranCurr], [ValueCoArea], [ValueHardCurr], [PurchasingDoc], [TotalQuantity], [Item], [PurchaseOrderText], [Name], [UserName], [Period]) VALUES (143, N'N/KRH1/11.08.04', N'5000003820', N'1870995', N'5000003820', N'K', N'TM', N'RFT1', N'N/KRH1/11', N'SATELLITE LEASE', N'6001008100', N'EMPLOYEE TRAVEL EXPENSE', 2018, CAST(N'2018-07-05 00:00:00.000' AS DateTime), CAST(N'2018-07-05 00:00:00.000' AS DateTime), CAST(N'2018-07-05 00:00:00.000' AS DateTime), N'IDR', 7040000, 7040000, 507.39, NULL, NULL, N'0', NULL, N'UTEL - SEWA RADIO KRH MEI 2018', N'SURYOWANDARU', N'7')
INSERT [dbo].[ActualCost] ([ActualCostId], [WBSElement], [DocNumber], [RefNumber], [DocNumber2], [OffsettingAccountType], [DocType], [OriginalBusTrans], [ProjectDefinition], [CoObjectName], [CostElement], [CostElementDesc], [FiscalYear], [DocDate], [PostingDate], [CreatedOn], [TransactionCurrency], [ValueTranCurr], [ValueCoArea], [ValueHardCurr], [PurchasingDoc], [TotalQuantity], [Item], [PurchaseOrderText], [Name], [UserName], [Period]) VALUES (144, N'N/KRH1/11.08.04', N'5000003748', N'1870995', N'5000003748', N'K', N'TM', N'RFT1', N'N/KRH1/11', N'HOUSEHOLD,OFFICE, FIRE & SAFETY MAT & EQ', N'6001008100', N'EMPLOYEE TRAVEL EXPENSE', 2018, CAST(N'2018-07-05 00:00:00.000' AS DateTime), CAST(N'2018-07-05 00:00:00.000' AS DateTime), CAST(N'2018-07-05 00:00:00.000' AS DateTime), N'IDR', 20191200, 20191200, 1455.96, NULL, NULL, N'0', NULL, N'U/Kep. Chemichal PLTP Karaha', N'SURYOWANDARU', N'7')
INSERT [dbo].[ActualCost] ([ActualCostId], [WBSElement], [DocNumber], [RefNumber], [DocNumber2], [OffsettingAccountType], [DocType], [OriginalBusTrans], [ProjectDefinition], [CoObjectName], [CostElement], [CostElementDesc], [FiscalYear], [DocDate], [PostingDate], [CreatedOn], [TransactionCurrency], [ValueTranCurr], [ValueCoArea], [ValueHardCurr], [PurchasingDoc], [TotalQuantity], [Item], [PurchaseOrderText], [Name], [UserName], [Period]) VALUES (145, N'N/KRH1/11.08.04', N'5000003746', N'1870995', N'5000003746', N'K', N'TM', N'RFT1', N'N/KRH1/11', N'HOUSEHOLD,OFFICE, FIRE & SAFETY MAT & EQ', N'6001008100', N'EMPLOYEE TRAVEL EXPENSE', 2018, CAST(N'2018-07-05 00:00:00.000' AS DateTime), CAST(N'2018-07-05 00:00:00.000' AS DateTime), CAST(N'2018-07-05 00:00:00.000' AS DateTime), N'IDR', 42120000, 42120000, 3037.21, NULL, NULL, N'0', NULL, N'U/Kep. Chemichal PLTP Karaha', N'SURYOWANDARU', N'7')
INSERT [dbo].[ActualCost] ([ActualCostId], [WBSElement], [DocNumber], [RefNumber], [DocNumber2], [OffsettingAccountType], [DocType], [OriginalBusTrans], [ProjectDefinition], [CoObjectName], [CostElement], [CostElementDesc], [FiscalYear], [DocDate], [PostingDate], [CreatedOn], [TransactionCurrency], [ValueTranCurr], [ValueCoArea], [ValueHardCurr], [PurchasingDoc], [TotalQuantity], [Item], [PurchaseOrderText], [Name], [UserName], [Period]) VALUES (146, N'N/KRH1/11.08.04', N'5000003979', N'1870995', N'5000003979', N'K', N'TM', N'RFT1', N'N/KRH1/11', N'SATELLITE LEASE', N'6001008100', N'EMPLOYEE TRAVEL EXPENSE', 2018, CAST(N'2018-07-05 00:00:00.000' AS DateTime), CAST(N'2018-07-05 00:00:00.000' AS DateTime), CAST(N'2018-07-05 00:00:00.000' AS DateTime), N'IDR', -27227889, -27227889, -1922.47, NULL, NULL, N'0', NULL, N'TELKOM - VSAT KARAHA APRIL 2018', N'SURYOWANDARU', N'7')
INSERT [dbo].[ActualCost] ([ActualCostId], [WBSElement], [DocNumber], [RefNumber], [DocNumber2], [OffsettingAccountType], [DocType], [OriginalBusTrans], [ProjectDefinition], [CoObjectName], [CostElement], [CostElementDesc], [FiscalYear], [DocDate], [PostingDate], [CreatedOn], [TransactionCurrency], [ValueTranCurr], [ValueCoArea], [ValueHardCurr], [PurchasingDoc], [TotalQuantity], [Item], [PurchaseOrderText], [Name], [UserName], [Period]) VALUES (147, N'N/KRH1/11.08.04', N'5000003980', N'1870995', N'5000003980', N'K', N'TM', N'RFT1', N'N/KRH1/11', N'SATELLITE LEASE', N'6001008100', N'EMPLOYEE TRAVEL EXPENSE', 2018, CAST(N'2018-07-05 00:00:00.000' AS DateTime), CAST(N'2018-07-05 00:00:00.000' AS DateTime), CAST(N'2018-07-05 00:00:00.000' AS DateTime), N'IDR', 27227889, 27227889, 1907.92, NULL, NULL, N'0', NULL, N'TELKOM - VSAT KARAHA MARET 2018', N'SURYOWANDARU', N'7')
INSERT [dbo].[ActualCost] ([ActualCostId], [WBSElement], [DocNumber], [RefNumber], [DocNumber2], [OffsettingAccountType], [DocType], [OriginalBusTrans], [ProjectDefinition], [CoObjectName], [CostElement], [CostElementDesc], [FiscalYear], [DocDate], [PostingDate], [CreatedOn], [TransactionCurrency], [ValueTranCurr], [ValueCoArea], [ValueHardCurr], [PurchasingDoc], [TotalQuantity], [Item], [PurchaseOrderText], [Name], [UserName], [Period]) VALUES (148, N'N/KRH1/11.08.04', N'5000003860', N'1870995', N'5000003860', N'K', N'TM', N'RFT1', N'N/KRH1/11', N'SATELLITE LEASE', N'6001008100', N'EMPLOYEE TRAVEL EXPENSE', 2018, CAST(N'2018-07-05 00:00:00.000' AS DateTime), CAST(N'2018-07-05 00:00:00.000' AS DateTime), CAST(N'2018-07-05 00:00:00.000' AS DateTime), N'IDR', 27227889, 27227889, 1922.47, NULL, NULL, N'0', NULL, N'TELKOM - VSAT KARAHA APRIL 2018', N'SURYOWANDARU', N'7')
INSERT [dbo].[ActualCost] ([ActualCostId], [WBSElement], [DocNumber], [RefNumber], [DocNumber2], [OffsettingAccountType], [DocType], [OriginalBusTrans], [ProjectDefinition], [CoObjectName], [CostElement], [CostElementDesc], [FiscalYear], [DocDate], [PostingDate], [CreatedOn], [TransactionCurrency], [ValueTranCurr], [ValueCoArea], [ValueHardCurr], [PurchasingDoc], [TotalQuantity], [Item], [PurchaseOrderText], [Name], [UserName], [Period]) VALUES (149, N'N/KRH1/11.08.04', N'100032439', N'1870995', N'100032439', N'K', N'TM', N'RFT1', N'N/KRH1/11', N'EMPLOYEE TRAVEL EXPENSE', N'6001008100', N'EMPLOYEE TRAVEL EXPENSE', 2018, CAST(N'2018-07-05 00:00:00.000' AS DateTime), CAST(N'2018-07-05 00:00:00.000' AS DateTime), CAST(N'2018-07-05 00:00:00.000' AS DateTime), N'USD', NULL, NULL, 0.05, NULL, NULL, N'0', NULL, N'AUC POST', N'SURYOWANDARU', N'7')
INSERT [dbo].[ActualCost] ([ActualCostId], [WBSElement], [DocNumber], [RefNumber], [DocNumber2], [OffsettingAccountType], [DocType], [OriginalBusTrans], [ProjectDefinition], [CoObjectName], [CostElement], [CostElementDesc], [FiscalYear], [DocDate], [PostingDate], [CreatedOn], [TransactionCurrency], [ValueTranCurr], [ValueCoArea], [ValueHardCurr], [PurchasingDoc], [TotalQuantity], [Item], [PurchaseOrderText], [Name], [UserName], [Period]) VALUES (150, N'N/KRH1/11.08.04', N'100032439', N'1870995', N'100032439', N'K', N'TM', N'RFT1', N'N/KRH1/11', N'SATELLITE LEASE', N'6001008100', N'EMPLOYEE TRAVEL EXPENSE', 2018, CAST(N'2018-07-05 00:00:00.000' AS DateTime), CAST(N'2018-07-05 00:00:00.000' AS DateTime), CAST(N'2018-07-05 00:00:00.000' AS DateTime), N'USD', NULL, NULL, -36.26, NULL, NULL, N'0', NULL, N'AUC POST', N'SURYOWANDARU', N'7')
INSERT [dbo].[ActualCost] ([ActualCostId], [WBSElement], [DocNumber], [RefNumber], [DocNumber2], [OffsettingAccountType], [DocType], [OriginalBusTrans], [ProjectDefinition], [CoObjectName], [CostElement], [CostElementDesc], [FiscalYear], [DocDate], [PostingDate], [CreatedOn], [TransactionCurrency], [ValueTranCurr], [ValueCoArea], [ValueHardCurr], [PurchasingDoc], [TotalQuantity], [Item], [PurchaseOrderText], [Name], [UserName], [Period]) VALUES (151, N'N/KRH1/11.08.04', N'100032439', N'1870995', N'100032439', N'K', N'TM', N'RFT1', N'N/KRH1/11', N'HOUSEHOLD,OFFICE, FIRE & SAFETY MAT & EQ', N'6001008100', N'EMPLOYEE TRAVEL EXPENSE', 2018, CAST(N'2018-07-05 00:00:00.000' AS DateTime), CAST(N'2018-07-05 00:00:00.000' AS DateTime), CAST(N'2018-07-05 00:00:00.000' AS DateTime), N'USD', NULL, NULL, -3001.33, NULL, NULL, N'0', NULL, N'AUC POST', N'SURYOWANDARU', N'7')
INSERT [dbo].[ActualCost] ([ActualCostId], [WBSElement], [DocNumber], [RefNumber], [DocNumber2], [OffsettingAccountType], [DocType], [OriginalBusTrans], [ProjectDefinition], [CoObjectName], [CostElement], [CostElementDesc], [FiscalYear], [DocDate], [PostingDate], [CreatedOn], [TransactionCurrency], [ValueTranCurr], [ValueCoArea], [ValueHardCurr], [PurchasingDoc], [TotalQuantity], [Item], [PurchaseOrderText], [Name], [UserName], [Period]) VALUES (152, N'N/KRH1/11.08.04', N'100032439', N'1870995', N'100032439', N'K', N'TM', N'RFT1', N'N/KRH1/11', N'RETRIBUTION-IJIN GANGGUAN/HO', N'6001008100', N'EMPLOYEE TRAVEL EXPENSE', 2018, CAST(N'2018-07-05 00:00:00.000' AS DateTime), CAST(N'2018-07-05 00:00:00.000' AS DateTime), CAST(N'2018-07-05 00:00:00.000' AS DateTime), N'USD', NULL, NULL, 706.85, NULL, NULL, N'0', NULL, N'AUC POST', N'SURYOWANDARU', N'7')
INSERT [dbo].[ActualCost] ([ActualCostId], [WBSElement], [DocNumber], [RefNumber], [DocNumber2], [OffsettingAccountType], [DocType], [OriginalBusTrans], [ProjectDefinition], [CoObjectName], [CostElement], [CostElementDesc], [FiscalYear], [DocDate], [PostingDate], [CreatedOn], [TransactionCurrency], [ValueTranCurr], [ValueCoArea], [ValueHardCurr], [PurchasingDoc], [TotalQuantity], [Item], [PurchaseOrderText], [Name], [UserName], [Period]) VALUES (153, N'N/KRH1/11.08.04', N'100032439', N'1870995', N'100032439', N'K', N'TM', N'RFT1', N'N/KRH1/11', N'LABOR & SUPERVISION - OUTSIDE EXPENSE', N'6001008100', N'EMPLOYEE TRAVEL EXPENSE', 2018, CAST(N'2018-07-05 00:00:00.000' AS DateTime), CAST(N'2018-07-05 00:00:00.000' AS DateTime), CAST(N'2018-07-05 00:00:00.000' AS DateTime), N'USD', NULL, NULL, -1878.42, NULL, NULL, N'0', NULL, N'AUC POST', N'SURYOWANDARU', N'7')
INSERT [dbo].[ActualCost] ([ActualCostId], [WBSElement], [DocNumber], [RefNumber], [DocNumber2], [OffsettingAccountType], [DocType], [OriginalBusTrans], [ProjectDefinition], [CoObjectName], [CostElement], [CostElementDesc], [FiscalYear], [DocDate], [PostingDate], [CreatedOn], [TransactionCurrency], [ValueTranCurr], [ValueCoArea], [ValueHardCurr], [PurchasingDoc], [TotalQuantity], [Item], [PurchaseOrderText], [Name], [UserName], [Period]) VALUES (154, N'N/KRH1/11.08.04', N'100032439', N'1870995', N'100032439', N'K', N'TM', N'RFT1', N'N/KRH1/11', N'OFFICE MANAGEMENT EXPENSE', N'6001008100', N'EMPLOYEE TRAVEL EXPENSE', 2018, CAST(N'2018-07-05 00:00:00.000' AS DateTime), CAST(N'2018-07-05 00:00:00.000' AS DateTime), CAST(N'2018-07-05 00:00:00.000' AS DateTime), N'USD', NULL, NULL, -615.31, NULL, NULL, N'0', NULL, N'AUC POST', N'SURYOWANDARU', N'7')
INSERT [dbo].[ActualCost] ([ActualCostId], [WBSElement], [DocNumber], [RefNumber], [DocNumber2], [OffsettingAccountType], [DocType], [OriginalBusTrans], [ProjectDefinition], [CoObjectName], [CostElement], [CostElementDesc], [FiscalYear], [DocDate], [PostingDate], [CreatedOn], [TransactionCurrency], [ValueTranCurr], [ValueCoArea], [ValueHardCurr], [PurchasingDoc], [TotalQuantity], [Item], [PurchaseOrderText], [Name], [UserName], [Period]) VALUES (155, N'N/KRH1/11.08.04', N'5000004023', N'1870995', N'5000004023', N'K', N'TM', N'RFT1', N'N/KRH1/11', N'RETRIBUTION-IJIN GANGGUAN/HO', N'6001008100', N'EMPLOYEE TRAVEL EXPENSE', 2018, CAST(N'2018-07-05 00:00:00.000' AS DateTime), CAST(N'2018-07-05 00:00:00.000' AS DateTime), CAST(N'2018-07-05 00:00:00.000' AS DateTime), N'IDR', -268100000, -268100000, -19319.74, NULL, NULL, N'0', NULL, N'KRH,Ter-1,Akta Pelepasn Hak transmisi''17', N'SURYOWANDARU', N'7')
INSERT [dbo].[ActualCost] ([ActualCostId], [WBSElement], [DocNumber], [RefNumber], [DocNumber2], [OffsettingAccountType], [DocType], [OriginalBusTrans], [ProjectDefinition], [CoObjectName], [CostElement], [CostElementDesc], [FiscalYear], [DocDate], [PostingDate], [CreatedOn], [TransactionCurrency], [ValueTranCurr], [ValueCoArea], [ValueHardCurr], [PurchasingDoc], [TotalQuantity], [Item], [PurchaseOrderText], [Name], [UserName], [Period]) VALUES (156, N'N/KRH1/11.08.04', N'5000004024', N'1870995', N'5000004024', N'K', N'TM', N'RFT1', N'N/KRH1/11', N'RETRIBUTION-IJIN GANGGUAN/HO', N'6001008100', N'EMPLOYEE TRAVEL EXPENSE', 2018, CAST(N'2018-07-05 00:00:00.000' AS DateTime), CAST(N'2018-07-05 00:00:00.000' AS DateTime), CAST(N'2018-07-05 00:00:00.000' AS DateTime), N'IDR', 268100000, 268100000, 18612.89, NULL, NULL, N'0', NULL, N'KRH,Ter-1,Akta Pelepasn Hak transmisi''17', N'SURYOWANDARU', N'7')
INSERT [dbo].[ActualCost] ([ActualCostId], [WBSElement], [DocNumber], [RefNumber], [DocNumber2], [OffsettingAccountType], [DocType], [OriginalBusTrans], [ProjectDefinition], [CoObjectName], [CostElement], [CostElementDesc], [FiscalYear], [DocDate], [PostingDate], [CreatedOn], [TransactionCurrency], [ValueTranCurr], [ValueCoArea], [ValueHardCurr], [PurchasingDoc], [TotalQuantity], [Item], [PurchaseOrderText], [Name], [UserName], [Period]) VALUES (157, N'N55/17/I/133/S/A4-04', N'1145227336', N'5008008925', N'5000009018', N'S', N'WE', N'RMWE', N'N55/17/I/133', N'forklift 8  ton', N'6001013120', N'TRANSPORTATION MATERIAL & EQUIPMENT CONS', 2017, CAST(N'2017-11-03 00:00:00.000' AS DateTime), CAST(N'2017-12-31 00:00:00.000' AS DateTime), CAST(N'2018-01-03 00:00:00.000' AS DateTime), N'IDR', 735000000, 735000000, 54251.55, N'4500167545', 1, N'1', N'FORKLIFT', N'GR Untuk Accrual tahun 2017 (03 Januari 2018)', N'ROSSALINAHA', N'12')
INSERT [dbo].[ActualCost] ([ActualCostId], [WBSElement], [DocNumber], [RefNumber], [DocNumber2], [OffsettingAccountType], [DocType], [OriginalBusTrans], [ProjectDefinition], [CoObjectName], [CostElement], [CostElementDesc], [FiscalYear], [DocDate], [PostingDate], [CreatedOn], [TransactionCurrency], [ValueTranCurr], [ValueCoArea], [ValueHardCurr], [PurchasingDoc], [TotalQuantity], [Item], [PurchaseOrderText], [Name], [UserName], [Period]) VALUES (158, N'N55/17/I/133/S/A4-04', N'1145227336', N'5008008925', N'5000009018', N'S', N'WE', N'RMWE', N'N55/17/I/133', N'forklift 8  ton', N'6001013120', N'TRANSPORTATION MATERIAL & EQUIPMENT CONS', 2017, CAST(N'2017-11-03 00:00:00.000' AS DateTime), CAST(N'2017-12-31 00:00:00.000' AS DateTime), CAST(N'2018-01-03 00:00:00.000' AS DateTime), N'IDR', 735000000, 735000000, 54251.55, N'4500167545', 1, N'1', N'FORKLIFT', N'GR Untuk Accrual tahun 2017 (03 Januari 2018)', N'ROSSALINAHA', N'12')
INSERT [dbo].[ActualCost] ([ActualCostId], [WBSElement], [DocNumber], [RefNumber], [DocNumber2], [OffsettingAccountType], [DocType], [OriginalBusTrans], [ProjectDefinition], [CoObjectName], [CostElement], [CostElementDesc], [FiscalYear], [DocDate], [PostingDate], [CreatedOn], [TransactionCurrency], [ValueTranCurr], [ValueCoArea], [ValueHardCurr], [PurchasingDoc], [TotalQuantity], [Item], [PurchaseOrderText], [Name], [UserName], [Period]) VALUES (159, N'N55/17/I/133/S/A4-04', N'1145227336', N'5008008925', N'5000009018', N'S', N'WE', N'RMWE', N'N55/17/I/133', N'forklift 8  ton', N'6001013120', N'TRANSPORTATION MATERIAL & EQUIPMENT CONS', 2017, CAST(N'2017-11-03 00:00:00.000' AS DateTime), CAST(N'2017-12-31 00:00:00.000' AS DateTime), CAST(N'2018-01-03 00:00:00.000' AS DateTime), N'IDR', 735000000, 735000000, 54251.55, N'4500167545', 1, N'1', N'FORKLIFT', N'GR Untuk Accrual tahun 2017 (03 Januari 2018)', N'ROSSALINAHA', N'12')
INSERT [dbo].[ActualCost] ([ActualCostId], [WBSElement], [DocNumber], [RefNumber], [DocNumber2], [OffsettingAccountType], [DocType], [OriginalBusTrans], [ProjectDefinition], [CoObjectName], [CostElement], [CostElementDesc], [FiscalYear], [DocDate], [PostingDate], [CreatedOn], [TransactionCurrency], [ValueTranCurr], [ValueCoArea], [ValueHardCurr], [PurchasingDoc], [TotalQuantity], [Item], [PurchaseOrderText], [Name], [UserName], [Period]) VALUES (160, N'N55/17/I/133/S/A4-04', N'1145227336', N'5008008925', N'5000009018', N'S', N'WE', N'RMWE', N'N55/17/I/133', N'forklift 8  ton', N'6001013120', N'TRANSPORTATION MATERIAL & EQUIPMENT CONS', 2017, CAST(N'2017-11-03 00:00:00.000' AS DateTime), CAST(N'2017-12-31 00:00:00.000' AS DateTime), CAST(N'2018-01-03 00:00:00.000' AS DateTime), N'IDR', 735000000, 735000000, 54251.55, N'4500167545', 1, N'1', N'FORKLIFT', N'GR Untuk Accrual tahun 2017 (03 Januari 2018)', N'ROSSALINAHA', N'12')
INSERT [dbo].[ActualCost] ([ActualCostId], [WBSElement], [DocNumber], [RefNumber], [DocNumber2], [OffsettingAccountType], [DocType], [OriginalBusTrans], [ProjectDefinition], [CoObjectName], [CostElement], [CostElementDesc], [FiscalYear], [DocDate], [PostingDate], [CreatedOn], [TransactionCurrency], [ValueTranCurr], [ValueCoArea], [ValueHardCurr], [PurchasingDoc], [TotalQuantity], [Item], [PurchaseOrderText], [Name], [UserName], [Period]) VALUES (161, N'N55/17/I/133/S/A4-04', N'1145227336', N'5008008925', N'5000009018', N'S', N'WE', N'RMWE', N'N55/17/I/133', N'forklift 8  ton', N'6001013120', N'TRANSPORTATION MATERIAL & EQUIPMENT CONS', 2017, CAST(N'2017-11-03 00:00:00.000' AS DateTime), CAST(N'2017-12-31 00:00:00.000' AS DateTime), CAST(N'2018-01-03 00:00:00.000' AS DateTime), N'IDR', 735000000, 735000000, 54251.55, N'4500167545', 1, N'1', N'FORKLIFT', N'GR Untuk Accrual tahun 2017 (03 Januari 2018)', N'ROSSALINAHA', N'12')
INSERT [dbo].[ActualCost] ([ActualCostId], [WBSElement], [DocNumber], [RefNumber], [DocNumber2], [OffsettingAccountType], [DocType], [OriginalBusTrans], [ProjectDefinition], [CoObjectName], [CostElement], [CostElementDesc], [FiscalYear], [DocDate], [PostingDate], [CreatedOn], [TransactionCurrency], [ValueTranCurr], [ValueCoArea], [ValueHardCurr], [PurchasingDoc], [TotalQuantity], [Item], [PurchaseOrderText], [Name], [UserName], [Period]) VALUES (162, N'N55/17/I/133/S/A4-04', N'1145227336', N'5008008925', N'5000009018', N'S', N'WE', N'RMWE', N'N55/17/I/133', N'forklift 8  ton', N'6001013120', N'TRANSPORTATION MATERIAL & EQUIPMENT CONS', 2017, CAST(N'2017-11-03 00:00:00.000' AS DateTime), CAST(N'2017-12-31 00:00:00.000' AS DateTime), CAST(N'2018-01-03 00:00:00.000' AS DateTime), N'IDR', 735000000, 735000000, 54251.55, N'4500167545', 1, N'1', N'FORKLIFT', N'GR Untuk Accrual tahun 2017 (03 Januari 2018)', N'ROSSALINAHA', N'12')
INSERT [dbo].[ActualCost] ([ActualCostId], [WBSElement], [DocNumber], [RefNumber], [DocNumber2], [OffsettingAccountType], [DocType], [OriginalBusTrans], [ProjectDefinition], [CoObjectName], [CostElement], [CostElementDesc], [FiscalYear], [DocDate], [PostingDate], [CreatedOn], [TransactionCurrency], [ValueTranCurr], [ValueCoArea], [ValueHardCurr], [PurchasingDoc], [TotalQuantity], [Item], [PurchaseOrderText], [Name], [UserName], [Period]) VALUES (163, N'N55/17/I/133/S/A4-04', N'1145227336', N'5008008925', N'5000009018', N'S', N'WE', N'RMWE', N'N55/17/I/133', N'forklift 8  ton', N'6001013120', N'TRANSPORTATION MATERIAL & EQUIPMENT CONS', 2017, CAST(N'2017-11-03 00:00:00.000' AS DateTime), CAST(N'2017-12-31 00:00:00.000' AS DateTime), CAST(N'2018-01-03 00:00:00.000' AS DateTime), N'IDR', 735000000, 735000000, 54251.55, N'4500167545', 1, N'1', N'FORKLIFT', N'GR Untuk Accrual tahun 2017 (03 Januari 2018)', N'ROSSALINAHA', N'12')
INSERT [dbo].[ActualCost] ([ActualCostId], [WBSElement], [DocNumber], [RefNumber], [DocNumber2], [OffsettingAccountType], [DocType], [OriginalBusTrans], [ProjectDefinition], [CoObjectName], [CostElement], [CostElementDesc], [FiscalYear], [DocDate], [PostingDate], [CreatedOn], [TransactionCurrency], [ValueTranCurr], [ValueCoArea], [ValueHardCurr], [PurchasingDoc], [TotalQuantity], [Item], [PurchaseOrderText], [Name], [UserName], [Period]) VALUES (164, N'N55/17/I/133/S/A4-04', N'1145227336', N'5008008925', N'5000009018', N'S', N'WE', N'RMWE', N'N55/17/I/133', N'forklift 8  ton', N'6001013120', N'TRANSPORTATION MATERIAL & EQUIPMENT CONS', 2017, CAST(N'2017-11-03 00:00:00.000' AS DateTime), CAST(N'2017-12-31 00:00:00.000' AS DateTime), CAST(N'2018-01-03 00:00:00.000' AS DateTime), N'IDR', 735000000, 735000000, 54251.55, N'4500167545', 1, N'1', N'FORKLIFT', N'GR Untuk Accrual tahun 2017 (03 Januari 2018)', N'ROSSALINAHA', N'12')
INSERT [dbo].[ActualCost] ([ActualCostId], [WBSElement], [DocNumber], [RefNumber], [DocNumber2], [OffsettingAccountType], [DocType], [OriginalBusTrans], [ProjectDefinition], [CoObjectName], [CostElement], [CostElementDesc], [FiscalYear], [DocDate], [PostingDate], [CreatedOn], [TransactionCurrency], [ValueTranCurr], [ValueCoArea], [ValueHardCurr], [PurchasingDoc], [TotalQuantity], [Item], [PurchaseOrderText], [Name], [UserName], [Period]) VALUES (165, N'N55/17/I/133/S/A4-04', N'1145227336', N'5008008925', N'5000009018', N'S', N'WE', N'RMWE', N'N55/17/I/133', N'forklift 8  ton', N'6001013120', N'TRANSPORTATION MATERIAL & EQUIPMENT CONS', 2017, CAST(N'2017-11-03 00:00:00.000' AS DateTime), CAST(N'2017-12-31 00:00:00.000' AS DateTime), CAST(N'2018-01-03 00:00:00.000' AS DateTime), N'IDR', 735000000, 735000000, 54251.55, N'4500167545', 1, N'1', N'FORKLIFT', N'GR Untuk Accrual tahun 2017 (03 Januari 2018)', N'ROSSALINAHA', N'12')
INSERT [dbo].[ActualCost] ([ActualCostId], [WBSElement], [DocNumber], [RefNumber], [DocNumber2], [OffsettingAccountType], [DocType], [OriginalBusTrans], [ProjectDefinition], [CoObjectName], [CostElement], [CostElementDesc], [FiscalYear], [DocDate], [PostingDate], [CreatedOn], [TransactionCurrency], [ValueTranCurr], [ValueCoArea], [ValueHardCurr], [PurchasingDoc], [TotalQuantity], [Item], [PurchaseOrderText], [Name], [UserName], [Period]) VALUES (166, N'N55/17/I/133/S/A4-04', N'1145227336', N'5008008925', N'5000009018', N'S', N'WE', N'RMWE', N'N55/17/I/133', N'forklift 8  ton', N'6001013120', N'TRANSPORTATION MATERIAL & EQUIPMENT CONS', 2017, CAST(N'2017-11-03 00:00:00.000' AS DateTime), CAST(N'2017-12-31 00:00:00.000' AS DateTime), CAST(N'2018-01-03 00:00:00.000' AS DateTime), N'IDR', 735000000, 735000000, 54251.55, N'4500167545', 1, N'1', N'FORKLIFT', N'GR Untuk Accrual tahun 2017 (03 Januari 2018)', N'ROSSALINAHA', N'12')
INSERT [dbo].[ActualCost] ([ActualCostId], [WBSElement], [DocNumber], [RefNumber], [DocNumber2], [OffsettingAccountType], [DocType], [OriginalBusTrans], [ProjectDefinition], [CoObjectName], [CostElement], [CostElementDesc], [FiscalYear], [DocDate], [PostingDate], [CreatedOn], [TransactionCurrency], [ValueTranCurr], [ValueCoArea], [ValueHardCurr], [PurchasingDoc], [TotalQuantity], [Item], [PurchaseOrderText], [Name], [UserName], [Period]) VALUES (167, N'N55/17/I/133/S/A4-04', N'1145227336', N'5008008925', N'5000009018', N'S', N'WE', N'RMWE', N'N55/17/I/133', N'forklift 8  ton', N'6001013120', N'TRANSPORTATION MATERIAL & EQUIPMENT CONS', 2017, CAST(N'2017-11-03 00:00:00.000' AS DateTime), CAST(N'2017-12-31 00:00:00.000' AS DateTime), CAST(N'2018-01-03 00:00:00.000' AS DateTime), N'IDR', 735000000, 735000000, 54251.55, N'4500167545', 1, N'1', N'FORKLIFT', N'GR Untuk Accrual tahun 2017 (03 Januari 2018)', N'ROSSALINAHA', N'12')
INSERT [dbo].[ActualCost] ([ActualCostId], [WBSElement], [DocNumber], [RefNumber], [DocNumber2], [OffsettingAccountType], [DocType], [OriginalBusTrans], [ProjectDefinition], [CoObjectName], [CostElement], [CostElementDesc], [FiscalYear], [DocDate], [PostingDate], [CreatedOn], [TransactionCurrency], [ValueTranCurr], [ValueCoArea], [ValueHardCurr], [PurchasingDoc], [TotalQuantity], [Item], [PurchaseOrderText], [Name], [UserName], [Period]) VALUES (168, N'N55/17/I/133/S/A4-04', N'1145227336', N'5008008925', N'5000009018', N'S', N'WE', N'RMWE', N'N55/17/I/133', N'forklift 8  ton', N'6001013120', N'TRANSPORTATION MATERIAL & EQUIPMENT CONS', 2017, CAST(N'2017-11-03 00:00:00.000' AS DateTime), CAST(N'2017-12-31 00:00:00.000' AS DateTime), CAST(N'2018-01-03 00:00:00.000' AS DateTime), N'IDR', 735000000, 735000000, 54251.55, N'4500167545', 1, N'1', N'FORKLIFT', N'GR Untuk Accrual tahun 2017 (03 Januari 2018)', N'ROSSALINAHA', N'12')
INSERT [dbo].[ActualCost] ([ActualCostId], [WBSElement], [DocNumber], [RefNumber], [DocNumber2], [OffsettingAccountType], [DocType], [OriginalBusTrans], [ProjectDefinition], [CoObjectName], [CostElement], [CostElementDesc], [FiscalYear], [DocDate], [PostingDate], [CreatedOn], [TransactionCurrency], [ValueTranCurr], [ValueCoArea], [ValueHardCurr], [PurchasingDoc], [TotalQuantity], [Item], [PurchaseOrderText], [Name], [UserName], [Period]) VALUES (169, N'N55/17/I/133/S/A4-04', N'1145227336', N'5008008925', N'5000009018', N'S', N'WE', N'RMWE', N'N55/17/I/133', N'forklift 8  ton', N'6001013120', N'TRANSPORTATION MATERIAL & EQUIPMENT CONS', 2017, CAST(N'2017-11-03 00:00:00.000' AS DateTime), CAST(N'2017-12-31 00:00:00.000' AS DateTime), CAST(N'2018-01-03 00:00:00.000' AS DateTime), N'IDR', 735000000, 735000000, 54251.55, N'4500167545', 1, N'1', N'FORKLIFT', N'GR Untuk Accrual tahun 2017 (03 Januari 2018)', N'ROSSALINAHA', N'12')
INSERT [dbo].[ActualCost] ([ActualCostId], [WBSElement], [DocNumber], [RefNumber], [DocNumber2], [OffsettingAccountType], [DocType], [OriginalBusTrans], [ProjectDefinition], [CoObjectName], [CostElement], [CostElementDesc], [FiscalYear], [DocDate], [PostingDate], [CreatedOn], [TransactionCurrency], [ValueTranCurr], [ValueCoArea], [ValueHardCurr], [PurchasingDoc], [TotalQuantity], [Item], [PurchaseOrderText], [Name], [UserName], [Period]) VALUES (170, N'N55/17/I/133/S/A4-04', N'1145227336', N'5008008925', N'5000009018', N'S', N'WE', N'RMWE', N'N55/17/I/133', N'forklift 8  ton', N'6001013120', N'TRANSPORTATION MATERIAL & EQUIPMENT CONS', 2017, CAST(N'2017-11-03 00:00:00.000' AS DateTime), CAST(N'2017-12-31 00:00:00.000' AS DateTime), CAST(N'2018-01-03 00:00:00.000' AS DateTime), N'IDR', 735000000, 735000000, 54251.55, N'4500167545', 1, N'1', N'FORKLIFT', N'GR Untuk Accrual tahun 2017 (03 Januari 2018)', N'ROSSALINAHA', N'12')
INSERT [dbo].[ActualCost] ([ActualCostId], [WBSElement], [DocNumber], [RefNumber], [DocNumber2], [OffsettingAccountType], [DocType], [OriginalBusTrans], [ProjectDefinition], [CoObjectName], [CostElement], [CostElementDesc], [FiscalYear], [DocDate], [PostingDate], [CreatedOn], [TransactionCurrency], [ValueTranCurr], [ValueCoArea], [ValueHardCurr], [PurchasingDoc], [TotalQuantity], [Item], [PurchaseOrderText], [Name], [UserName], [Period]) VALUES (171, N'N55/17/I/133/S/A4-04', N'1145227336', N'5008008925', N'5000009018', N'S', N'WE', N'RMWE', N'N55/17/I/133', N'forklift 8  ton', N'6001013120', N'TRANSPORTATION MATERIAL & EQUIPMENT CONS', 2017, CAST(N'2017-11-03 00:00:00.000' AS DateTime), CAST(N'2017-12-31 00:00:00.000' AS DateTime), CAST(N'2018-01-03 00:00:00.000' AS DateTime), N'IDR', 735000000, 735000000, 54251.55, N'4500167545', 1, N'1', N'FORKLIFT', N'GR Untuk Accrual tahun 2017 (03 Januari 2018)', N'ROSSALINAHA', N'12')
INSERT [dbo].[ActualCost] ([ActualCostId], [WBSElement], [DocNumber], [RefNumber], [DocNumber2], [OffsettingAccountType], [DocType], [OriginalBusTrans], [ProjectDefinition], [CoObjectName], [CostElement], [CostElementDesc], [FiscalYear], [DocDate], [PostingDate], [CreatedOn], [TransactionCurrency], [ValueTranCurr], [ValueCoArea], [ValueHardCurr], [PurchasingDoc], [TotalQuantity], [Item], [PurchaseOrderText], [Name], [UserName], [Period]) VALUES (172, N'N55/17/I/133/S/A4-04', N'1145227336', N'5008008925', N'5000009018', N'S', N'WE', N'RMWE', N'N55/17/I/133', N'forklift 8  ton', N'6001013120', N'TRANSPORTATION MATERIAL & EQUIPMENT CONS', 2017, CAST(N'2017-11-03 00:00:00.000' AS DateTime), CAST(N'2017-12-31 00:00:00.000' AS DateTime), CAST(N'2018-01-03 00:00:00.000' AS DateTime), N'IDR', 735000000, 735000000, 54251.55, N'4500167545', 1, N'1', N'FORKLIFT', N'GR Untuk Accrual tahun 2017 (03 Januari 2018)', N'ROSSALINAHA', N'12')
INSERT [dbo].[ActualCost] ([ActualCostId], [WBSElement], [DocNumber], [RefNumber], [DocNumber2], [OffsettingAccountType], [DocType], [OriginalBusTrans], [ProjectDefinition], [CoObjectName], [CostElement], [CostElementDesc], [FiscalYear], [DocDate], [PostingDate], [CreatedOn], [TransactionCurrency], [ValueTranCurr], [ValueCoArea], [ValueHardCurr], [PurchasingDoc], [TotalQuantity], [Item], [PurchaseOrderText], [Name], [UserName], [Period]) VALUES (173, N'N55/17/I/133/S/A4-04', N'1145227336', N'5008008925', N'5000009018', N'S', N'WE', N'RMWE', N'N55/17/I/133', N'forklift 8  ton', N'6001013120', N'TRANSPORTATION MATERIAL & EQUIPMENT CONS', 2017, CAST(N'2017-11-03 00:00:00.000' AS DateTime), CAST(N'2017-12-31 00:00:00.000' AS DateTime), CAST(N'2018-01-03 00:00:00.000' AS DateTime), N'IDR', 735000000, 735000000, 54251.55, N'4500167545', 1, N'1', N'FORKLIFT', N'GR Untuk Accrual tahun 2017 (03 Januari 2018)', N'ROSSALINAHA', N'12')
INSERT [dbo].[ActualCost] ([ActualCostId], [WBSElement], [DocNumber], [RefNumber], [DocNumber2], [OffsettingAccountType], [DocType], [OriginalBusTrans], [ProjectDefinition], [CoObjectName], [CostElement], [CostElementDesc], [FiscalYear], [DocDate], [PostingDate], [CreatedOn], [TransactionCurrency], [ValueTranCurr], [ValueCoArea], [ValueHardCurr], [PurchasingDoc], [TotalQuantity], [Item], [PurchaseOrderText], [Name], [UserName], [Period]) VALUES (174, N'N55/17/I/133/S/A4-04', N'1145227336', N'5008008925', N'5000009018', N'S', N'WE', N'RMWE', N'N55/17/I/133', N'forklift 8  ton', N'6001013120', N'TRANSPORTATION MATERIAL & EQUIPMENT CONS', 2017, CAST(N'2017-11-03 00:00:00.000' AS DateTime), CAST(N'2017-12-31 00:00:00.000' AS DateTime), CAST(N'2018-01-03 00:00:00.000' AS DateTime), N'IDR', 735000000, 735000000, 54251.55, N'4500167545', 1, N'1', N'FORKLIFT', N'GR Untuk Accrual tahun 2017 (03 Januari 2018)', N'ROSSALINAHA', N'12')
INSERT [dbo].[ActualCost] ([ActualCostId], [WBSElement], [DocNumber], [RefNumber], [DocNumber2], [OffsettingAccountType], [DocType], [OriginalBusTrans], [ProjectDefinition], [CoObjectName], [CostElement], [CostElementDesc], [FiscalYear], [DocDate], [PostingDate], [CreatedOn], [TransactionCurrency], [ValueTranCurr], [ValueCoArea], [ValueHardCurr], [PurchasingDoc], [TotalQuantity], [Item], [PurchaseOrderText], [Name], [UserName], [Period]) VALUES (175, N'N55/17/I/133/S/A4-04', N'1145227336', N'5008008925', N'5000009018', N'S', N'WE', N'RMWE', N'N55/17/I/133', N'forklift 8  ton', N'6001013120', N'TRANSPORTATION MATERIAL & EQUIPMENT CONS', 2017, CAST(N'2017-11-03 00:00:00.000' AS DateTime), CAST(N'2017-12-31 00:00:00.000' AS DateTime), CAST(N'2018-01-03 00:00:00.000' AS DateTime), N'IDR', 735000000, 735000000, 54251.55, N'4500167545', 1, N'1', N'FORKLIFT', N'GR Untuk Accrual tahun 2017 (03 Januari 2018)', N'ROSSALINAHA', N'12')
INSERT [dbo].[ActualCost] ([ActualCostId], [WBSElement], [DocNumber], [RefNumber], [DocNumber2], [OffsettingAccountType], [DocType], [OriginalBusTrans], [ProjectDefinition], [CoObjectName], [CostElement], [CostElementDesc], [FiscalYear], [DocDate], [PostingDate], [CreatedOn], [TransactionCurrency], [ValueTranCurr], [ValueCoArea], [ValueHardCurr], [PurchasingDoc], [TotalQuantity], [Item], [PurchaseOrderText], [Name], [UserName], [Period]) VALUES (176, N'N55/17/I/133/S/A4-04', N'1145227336', N'5008008925', N'5000009018', N'S', N'WE', N'RMWE', N'N55/17/I/133', N'forklift 8  ton', N'6001013120', N'TRANSPORTATION MATERIAL & EQUIPMENT CONS', 2017, CAST(N'2017-11-03 00:00:00.000' AS DateTime), CAST(N'2017-12-31 00:00:00.000' AS DateTime), CAST(N'2018-01-03 00:00:00.000' AS DateTime), N'IDR', 735000000, 735000000, 54251.55, N'4500167545', 1, N'1', N'FORKLIFT', N'GR Untuk Accrual tahun 2017 (03 Januari 2018)', N'ROSSALINAHA', N'12')
INSERT [dbo].[ActualCost] ([ActualCostId], [WBSElement], [DocNumber], [RefNumber], [DocNumber2], [OffsettingAccountType], [DocType], [OriginalBusTrans], [ProjectDefinition], [CoObjectName], [CostElement], [CostElementDesc], [FiscalYear], [DocDate], [PostingDate], [CreatedOn], [TransactionCurrency], [ValueTranCurr], [ValueCoArea], [ValueHardCurr], [PurchasingDoc], [TotalQuantity], [Item], [PurchaseOrderText], [Name], [UserName], [Period]) VALUES (177, N'N55/17/I/133/S/A4-04', N'1145227336', N'5008008925', N'5000009018', N'S', N'WE', N'RMWE', N'N55/17/I/133', N'forklift 8  ton', N'6001013120', N'TRANSPORTATION MATERIAL & EQUIPMENT CONS', 2017, CAST(N'2017-11-03 00:00:00.000' AS DateTime), CAST(N'2017-12-31 00:00:00.000' AS DateTime), CAST(N'2018-01-03 00:00:00.000' AS DateTime), N'IDR', 735000000, 735000000, 54251.55, N'4500167545', 1, N'1', N'FORKLIFT', N'GR Untuk Accrual tahun 2017 (03 Januari 2018)', N'ROSSALINAHA', N'12')
INSERT [dbo].[ActualCost] ([ActualCostId], [WBSElement], [DocNumber], [RefNumber], [DocNumber2], [OffsettingAccountType], [DocType], [OriginalBusTrans], [ProjectDefinition], [CoObjectName], [CostElement], [CostElementDesc], [FiscalYear], [DocDate], [PostingDate], [CreatedOn], [TransactionCurrency], [ValueTranCurr], [ValueCoArea], [ValueHardCurr], [PurchasingDoc], [TotalQuantity], [Item], [PurchaseOrderText], [Name], [UserName], [Period]) VALUES (178, N'N55/17/I/133/S/A4-04', N'1145227336', N'5008008925', N'5000009018', N'S', N'WE', N'RMWE', N'N55/17/I/133', N'forklift 8  ton', N'6001013120', N'TRANSPORTATION MATERIAL & EQUIPMENT CONS', 2017, CAST(N'2017-11-03 00:00:00.000' AS DateTime), CAST(N'2017-12-31 00:00:00.000' AS DateTime), CAST(N'2018-01-03 00:00:00.000' AS DateTime), N'IDR', 735000000, 735000000, 54251.55, N'4500167545', 1, N'1', N'FORKLIFT', N'GR Untuk Accrual tahun 2017 (03 Januari 2018)', N'ROSSALINAHA', N'12')
INSERT [dbo].[ActualCost] ([ActualCostId], [WBSElement], [DocNumber], [RefNumber], [DocNumber2], [OffsettingAccountType], [DocType], [OriginalBusTrans], [ProjectDefinition], [CoObjectName], [CostElement], [CostElementDesc], [FiscalYear], [DocDate], [PostingDate], [CreatedOn], [TransactionCurrency], [ValueTranCurr], [ValueCoArea], [ValueHardCurr], [PurchasingDoc], [TotalQuantity], [Item], [PurchaseOrderText], [Name], [UserName], [Period]) VALUES (179, N'N55/17/I/133/S/A4-04', N'1145227336', N'5008008925', N'5000009018', N'S', N'WE', N'RMWE', N'N55/17/I/133', N'forklift 8  ton', N'6001013120', N'TRANSPORTATION MATERIAL & EQUIPMENT CONS', 2017, CAST(N'2017-11-03 00:00:00.000' AS DateTime), CAST(N'2017-12-31 00:00:00.000' AS DateTime), CAST(N'2018-01-03 00:00:00.000' AS DateTime), N'IDR', 735000000, 735000000, 54251.55, N'4500167545', 1, N'1', N'FORKLIFT', N'GR Untuk Accrual tahun 2017 (03 Januari 2018)', N'ROSSALINAHA', N'12')
INSERT [dbo].[ActualCost] ([ActualCostId], [WBSElement], [DocNumber], [RefNumber], [DocNumber2], [OffsettingAccountType], [DocType], [OriginalBusTrans], [ProjectDefinition], [CoObjectName], [CostElement], [CostElementDesc], [FiscalYear], [DocDate], [PostingDate], [CreatedOn], [TransactionCurrency], [ValueTranCurr], [ValueCoArea], [ValueHardCurr], [PurchasingDoc], [TotalQuantity], [Item], [PurchaseOrderText], [Name], [UserName], [Period]) VALUES (180, N'N55/17/I/133/S/A4-04', N'1145227336', N'5008008925', N'5000009018', N'S', N'WE', N'RMWE', N'N55/17/I/133', N'forklift 8  ton', N'6001013120', N'TRANSPORTATION MATERIAL & EQUIPMENT CONS', 2017, CAST(N'2017-11-03 00:00:00.000' AS DateTime), CAST(N'2017-12-31 00:00:00.000' AS DateTime), CAST(N'2018-01-03 00:00:00.000' AS DateTime), N'IDR', 735000000, 735000000, 54251.55, N'4500167545', 1, N'1', N'FORKLIFT', N'GR Untuk Accrual tahun 2017 (03 Januari 2018)', N'ROSSALINAHA', N'12')
INSERT [dbo].[ActualCost] ([ActualCostId], [WBSElement], [DocNumber], [RefNumber], [DocNumber2], [OffsettingAccountType], [DocType], [OriginalBusTrans], [ProjectDefinition], [CoObjectName], [CostElement], [CostElementDesc], [FiscalYear], [DocDate], [PostingDate], [CreatedOn], [TransactionCurrency], [ValueTranCurr], [ValueCoArea], [ValueHardCurr], [PurchasingDoc], [TotalQuantity], [Item], [PurchaseOrderText], [Name], [UserName], [Period]) VALUES (181, N'N55/17/I/133/S/A4-04', N'1145227336', N'5008008925', N'5000009018', N'S', N'WE', N'RMWE', N'N55/17/I/133', N'forklift 8  ton', N'6001013120', N'TRANSPORTATION MATERIAL & EQUIPMENT CONS', 2017, CAST(N'2017-11-03 00:00:00.000' AS DateTime), CAST(N'2017-12-31 00:00:00.000' AS DateTime), CAST(N'2018-01-03 00:00:00.000' AS DateTime), N'IDR', 735000000, 735000000, 54251.55, N'4500167545', 1, N'1', N'FORKLIFT', N'GR Untuk Accrual tahun 2017 (03 Januari 2018)', N'ROSSALINAHA', N'12')
INSERT [dbo].[ActualCost] ([ActualCostId], [WBSElement], [DocNumber], [RefNumber], [DocNumber2], [OffsettingAccountType], [DocType], [OriginalBusTrans], [ProjectDefinition], [CoObjectName], [CostElement], [CostElementDesc], [FiscalYear], [DocDate], [PostingDate], [CreatedOn], [TransactionCurrency], [ValueTranCurr], [ValueCoArea], [ValueHardCurr], [PurchasingDoc], [TotalQuantity], [Item], [PurchaseOrderText], [Name], [UserName], [Period]) VALUES (182, N'N55/17/I/133/S/A4-04', N'1145227336', N'5008008925', N'5000009018', N'S', N'WE', N'RMWE', N'N55/17/I/133', N'forklift 8  ton', N'6001013120', N'TRANSPORTATION MATERIAL & EQUIPMENT CONS', 2017, CAST(N'2017-11-03 00:00:00.000' AS DateTime), CAST(N'2017-12-31 00:00:00.000' AS DateTime), CAST(N'2018-01-03 00:00:00.000' AS DateTime), N'IDR', 735000000, 735000000, 54251.55, N'4500167545', 1, N'1', N'FORKLIFT', N'GR Untuk Accrual tahun 2017 (03 Januari 2018)', N'ROSSALINAHA', N'12')
INSERT [dbo].[ActualCost] ([ActualCostId], [WBSElement], [DocNumber], [RefNumber], [DocNumber2], [OffsettingAccountType], [DocType], [OriginalBusTrans], [ProjectDefinition], [CoObjectName], [CostElement], [CostElementDesc], [FiscalYear], [DocDate], [PostingDate], [CreatedOn], [TransactionCurrency], [ValueTranCurr], [ValueCoArea], [ValueHardCurr], [PurchasingDoc], [TotalQuantity], [Item], [PurchaseOrderText], [Name], [UserName], [Period]) VALUES (183, N'N55/17/I/133/S/A4-04', N'1145227336', N'5008008925', N'5000009018', N'S', N'WE', N'RMWE', N'N55/17/I/133', N'forklift 8  ton', N'6001013120', N'TRANSPORTATION MATERIAL & EQUIPMENT CONS', 2017, CAST(N'2017-11-03 00:00:00.000' AS DateTime), CAST(N'2017-12-31 00:00:00.000' AS DateTime), CAST(N'2018-01-03 00:00:00.000' AS DateTime), N'IDR', 735000000, 735000000, 54251.55, N'4500167545', 1, N'1', N'FORKLIFT', N'GR Untuk Accrual tahun 2017 (03 Januari 2018)', N'ROSSALINAHA', N'12')
INSERT [dbo].[ActualCost] ([ActualCostId], [WBSElement], [DocNumber], [RefNumber], [DocNumber2], [OffsettingAccountType], [DocType], [OriginalBusTrans], [ProjectDefinition], [CoObjectName], [CostElement], [CostElementDesc], [FiscalYear], [DocDate], [PostingDate], [CreatedOn], [TransactionCurrency], [ValueTranCurr], [ValueCoArea], [ValueHardCurr], [PurchasingDoc], [TotalQuantity], [Item], [PurchaseOrderText], [Name], [UserName], [Period]) VALUES (184, N'8', N'1', N'3', N'2', N'4', N'5', N'6', N'7', N'9', N'10', N'11', 2018, CAST(N'2018-11-11 00:00:00.000' AS DateTime), CAST(N'2018-10-11 00:00:00.000' AS DateTime), CAST(N'2018-10-11 00:00:00.000' AS DateTime), N'1', 2, 3, 4, N'6', 7, N'8', N'9', N'0', N'a', N'4')
INSERT [dbo].[ActualCost] ([ActualCostId], [WBSElement], [DocNumber], [RefNumber], [DocNumber2], [OffsettingAccountType], [DocType], [OriginalBusTrans], [ProjectDefinition], [CoObjectName], [CostElement], [CostElementDesc], [FiscalYear], [DocDate], [PostingDate], [CreatedOn], [TransactionCurrency], [ValueTranCurr], [ValueCoArea], [ValueHardCurr], [PurchasingDoc], [TotalQuantity], [Item], [PurchaseOrderText], [Name], [UserName], [Period]) VALUES (185, N'88', N'11', N'33', N'22', N'44', N'55', N'66', N'77', N'99', N'1010', N'11', 2018, CAST(N'2018-11-11 00:00:00.000' AS DateTime), CAST(N'2018-10-11 00:00:00.000' AS DateTime), CAST(N'2018-10-11 00:00:00.000' AS DateTime), N'1', 2, 3, 4, N'6', 7, N'8', N'9', N'0', N'a', N'4')
INSERT [dbo].[ActualCost] ([ActualCostId], [WBSElement], [DocNumber], [RefNumber], [DocNumber2], [OffsettingAccountType], [DocType], [OriginalBusTrans], [ProjectDefinition], [CoObjectName], [CostElement], [CostElementDesc], [FiscalYear], [DocDate], [PostingDate], [CreatedOn], [TransactionCurrency], [ValueTranCurr], [ValueCoArea], [ValueHardCurr], [PurchasingDoc], [TotalQuantity], [Item], [PurchaseOrderText], [Name], [UserName], [Period]) VALUES (186, N'888', N'111', N'333', N'222', N'444', N'555', N'666', N'777', N'999', N'101010', N'111', 2018, CAST(N'2018-11-11 00:00:00.000' AS DateTime), CAST(N'2018-10-11 00:00:00.000' AS DateTime), CAST(N'2018-10-11 00:00:00.000' AS DateTime), N'1', 2, 3, 4, N'6', 7, N'8', N'9', N'0', N'SS', N'4')
SET IDENTITY_INSERT [dbo].[ActualCost] OFF
SET IDENTITY_INSERT [dbo].[Asset] ON 

INSERT [dbo].[Asset] ([AssetId], [LocationId], [AssetNumber], [SubNumber], [Description], [ValueIdr], [ValueUsd], [Photo], [Latitude], [Longitude], [IsDeleted], [BarcodeImage]) VALUES (1060, 4, N'Asset 1', N'0', N'<strong>ASSET 1&nbsp;</strong>', 0, 0, N'~/Uploads/b734cf4e-3a0a-4e5b-8981-f3b71a40cc7a_a8.jpg', -7.152626642224118, 107.7905398607254, 0, NULL)
INSERT [dbo].[Asset] ([AssetId], [LocationId], [AssetNumber], [SubNumber], [Description], [ValueIdr], [ValueUsd], [Photo], [Latitude], [Longitude], [IsDeleted], [BarcodeImage]) VALUES (1061, 4, N'Asset 2', N'1', N'<span style="text-decoration:underline;"><em><strong>Asset 2</strong></em></span>', 0, 0, N'~/Uploads/582e6980-ff13-4314-a40f-d4bba8867a58_a7.jpg', -7.1391297739557107, 107.78534988465572, 0, NULL)
INSERT [dbo].[Asset] ([AssetId], [LocationId], [AssetNumber], [SubNumber], [Description], [ValueIdr], [ValueUsd], [Photo], [Latitude], [Longitude], [IsDeleted], [BarcodeImage]) VALUES (1062, 4, N'Asset 4', N'0', N'Asset 5', 0, 0, N'~/Uploads/34592c6b-fa15-4082-95b7-ff779ae589ec_a4.jpg', -7.1382142464047842, 107.78444866242673, 1, NULL)
INSERT [dbo].[Asset] ([AssetId], [LocationId], [AssetNumber], [SubNumber], [Description], [ValueIdr], [ValueUsd], [Photo], [Latitude], [Longitude], [IsDeleted], [BarcodeImage]) VALUES (1063, 4, N'Asset 5', N'1', N'<strong>ASSET 567</strong>', 0, 0, N'~/Uploads/56a16a32-815f-41b0-9218-5ed1cc185218_a1.jpg', -7.1395343088015206, 107.78442720475461, 0, NULL)
INSERT [dbo].[Asset] ([AssetId], [LocationId], [AssetNumber], [SubNumber], [Description], [ValueIdr], [ValueUsd], [Photo], [Latitude], [Longitude], [IsDeleted], [BarcodeImage]) VALUES (1064, 1, N'Asset 4', N'0', N'Asset 4', 0, 0, N'~/Uploads/f7323aa2-6109-4d7c-91c1-bbe60ff7b0e5_andorra.png', -7.151912134445447, 107.78870769719629, 0, NULL)
INSERT [dbo].[Asset] ([AssetId], [LocationId], [AssetNumber], [SubNumber], [Description], [ValueIdr], [ValueUsd], [Photo], [Latitude], [Longitude], [IsDeleted], [BarcodeImage]) VALUES (1065, 4, N'Asset 1', N'0', N'<strong>TES Asset</strong>', 0, 0, N'~/Uploads/ac3b7c58-5cf7-42fb-b2df-66982fca1ed8_aland.png', -7.139541099339568, 107.78471994239568, 0, NULL)
INSERT [dbo].[Asset] ([AssetId], [LocationId], [AssetNumber], [SubNumber], [Description], [ValueIdr], [ValueUsd], [Photo], [Latitude], [Longitude], [IsDeleted], [BarcodeImage]) VALUES (1066, 1, N'Asset Draft', N'1', N'Tes', 0, 0, N'~/Uploads/92be1709-a110-4a6d-88a8-04e62174e785_angola.png', NULL, NULL, 0, NULL)
INSERT [dbo].[Asset] ([AssetId], [LocationId], [AssetNumber], [SubNumber], [Description], [ValueIdr], [ValueUsd], [Photo], [Latitude], [Longitude], [IsDeleted], [BarcodeImage]) VALUES (1067, 1, N'Asset Draft 2', N'1', N'<strong>Asset Draft</strong>', 0, 0, N'~/Uploads/9b224d7c-3b98-4c5a-977b-8a0b6a045ef8_australia.png', NULL, NULL, 0, NULL)
INSERT [dbo].[Asset] ([AssetId], [LocationId], [AssetNumber], [SubNumber], [Description], [ValueIdr], [ValueUsd], [Photo], [Latitude], [Longitude], [IsDeleted], [BarcodeImage]) VALUES (1068, 4, N'Asset Blm Approve', N'0', N'tes', 0, 0, N'~/Uploads/44af60b9-594b-4c32-9416-08b748ec5320_basque-country.png', NULL, NULL, 0, NULL)
INSERT [dbo].[Asset] ([AssetId], [LocationId], [AssetNumber], [SubNumber], [Description], [ValueIdr], [ValueUsd], [Photo], [Latitude], [Longitude], [IsDeleted], [BarcodeImage]) VALUES (1069, 1, N'Asset Deleted', N'0', N'tes', 0, 0, N'~/Uploads/64292d7e-6c19-4a79-a57f-6e2ec92d22c0_abkhazia.png', NULL, NULL, 0, NULL)
INSERT [dbo].[Asset] ([AssetId], [LocationId], [AssetNumber], [SubNumber], [Description], [ValueIdr], [ValueUsd], [Photo], [Latitude], [Longitude], [IsDeleted], [BarcodeImage]) VALUES (1070, 3, N'tessss', N'1', N'dasd', 0, 0, N'~/Uploads/7fb51e3a-c7c6-44f6-b630-ca8adcd97788_algeria.png', NULL, NULL, 1, NULL)
INSERT [dbo].[Asset] ([AssetId], [LocationId], [AssetNumber], [SubNumber], [Description], [ValueIdr], [ValueUsd], [Photo], [Latitude], [Longitude], [IsDeleted], [BarcodeImage]) VALUES (1071, 4, N'tes', N'0', N'dasd', 0, 0, N'~/Uploads/b653700c-5f72-4af0-8307-7be49865a124_american-samoa.png', NULL, NULL, 0, NULL)
INSERT [dbo].[Asset] ([AssetId], [LocationId], [AssetNumber], [SubNumber], [Description], [ValueIdr], [ValueUsd], [Photo], [Latitude], [Longitude], [IsDeleted], [BarcodeImage]) VALUES (1072, 1, N'Asset TEsc Case', N'1', N'tes', 0, 0, N'~/Uploads/a7f6dc82-6206-4768-9266-f2eb757216cd_aruba.png', NULL, NULL, 0, NULL)
INSERT [dbo].[Asset] ([AssetId], [LocationId], [AssetNumber], [SubNumber], [Description], [ValueIdr], [ValueUsd], [Photo], [Latitude], [Longitude], [IsDeleted], [BarcodeImage]) VALUES (1073, 1, N'Asset Test CAse', N'1', N'Test case', 0, 0, N'~/Uploads/ed0f0f50-abdc-4015-878e-dac1e9f6c920_bangladesh.png', NULL, NULL, 0, NULL)
INSERT [dbo].[Asset] ([AssetId], [LocationId], [AssetNumber], [SubNumber], [Description], [ValueIdr], [ValueUsd], [Photo], [Latitude], [Longitude], [IsDeleted], [BarcodeImage]) VALUES (1074, 1, N'asset', N'0', N'tes', 0, 0, N'~/Uploads/b9810d7a-19a4-492d-8614-89d779b9b7d8_1s.jpg', NULL, NULL, 0, NULL)
INSERT [dbo].[Asset] ([AssetId], [LocationId], [AssetNumber], [SubNumber], [Description], [ValueIdr], [ValueUsd], [Photo], [Latitude], [Longitude], [IsDeleted], [BarcodeImage]) VALUES (2074, 4, N'Asset Sumur Cluster X', N'1', N'<strong><span style="text-decoration:underline;">Asset Cluster sumur #1</span></strong>', 0, 0, N'~/Uploads/905a68f4-1feb-40ed-8294-2be9f5e51f31_approval.JPG', NULL, NULL, 0, NULL)
INSERT [dbo].[Asset] ([AssetId], [LocationId], [AssetNumber], [SubNumber], [Description], [ValueIdr], [ValueUsd], [Photo], [Latitude], [Longitude], [IsDeleted], [BarcodeImage]) VALUES (2075, 3, N'500000776', N'0', N'KRH-Administration ANNEX PLTP', 0, 0, N'~/Uploads/8233686a-8a1c-4dbd-8bfb-2109dd7a1e04_login.JPG', -7.15262664222412, 107.790539860725, 0, N'~/Uploads/QRCode/500000776.png')
INSERT [dbo].[Asset] ([AssetId], [LocationId], [AssetNumber], [SubNumber], [Description], [ValueIdr], [ValueUsd], [Photo], [Latitude], [Longitude], [IsDeleted], [BarcodeImage]) VALUES (2076, 4, N'410002305', N'0', N'KRH-AFT#1Cluster5', 0, 0, N'~/Uploads/566b2789-babc-49b9-af49-0cac3cab2900_a4.jpg', -7.1391297739557107, 107.78534988465572, 0, NULL)
INSERT [dbo].[Asset] ([AssetId], [LocationId], [AssetNumber], [SubNumber], [Description], [ValueIdr], [ValueUsd], [Photo], [Latitude], [Longitude], [IsDeleted], [BarcodeImage]) VALUES (2077, 3, N'Asset For AUC', N'0', N'tes', 0, 0, N'~/Uploads/0b16b04e-6aa5-4817-9722-6e3eaa484061_geomaping.jpg', NULL, NULL, 0, NULL)
INSERT [dbo].[Asset] ([AssetId], [LocationId], [AssetNumber], [SubNumber], [Description], [ValueIdr], [ValueUsd], [Photo], [Latitude], [Longitude], [IsDeleted], [BarcodeImage]) VALUES (2078, 3, N'Asset Demo', N'0', N'asset', 0, 0, N'~/Uploads/a46da6e7-3ac1-4a4e-a58c-84d051f4e77a_geomaping.jpg', NULL, NULL, 0, NULL)
INSERT [dbo].[Asset] ([AssetId], [LocationId], [AssetNumber], [SubNumber], [Description], [ValueIdr], [ValueUsd], [Photo], [Latitude], [Longitude], [IsDeleted], [BarcodeImage]) VALUES (2079, 1, NULL, N'0', N'Kipas Angin', 0, 0, N'~/Uploads/1d029829-0b82-44d3-bb67-0148ba2c647a_tcr-b.JPG', -7.14363518210889, 107.788535512724, 0, N'~/Uploads/QRCode/.png')
INSERT [dbo].[Asset] ([AssetId], [LocationId], [AssetNumber], [SubNumber], [Description], [ValueIdr], [ValueUsd], [Photo], [Latitude], [Longitude], [IsDeleted], [BarcodeImage]) VALUES (2080, 1, N'6598123', N'1', N'<em>Buku Gambar</em>', 0, 0, N'~/Uploads/2fc3a990-b9dd-49f7-bf00-d386bcb86a43_realisasi.JPG', -7.146968606758, 107.789311408997, 0, N'~/Uploads/QRCode/6598123.png')
INSERT [dbo].[Asset] ([AssetId], [LocationId], [AssetNumber], [SubNumber], [Description], [ValueIdr], [ValueUsd], [Photo], [Latitude], [Longitude], [IsDeleted], [BarcodeImage]) VALUES (2081, 1, N'5332_Piring', N'0', N'Piring', 0, 0, N'~/Uploads/22f671cc-909a-4816-ab04-80c7612b3fe6_p6.jpg', NULL, NULL, 0, NULL)
INSERT [dbo].[Asset] ([AssetId], [LocationId], [AssetNumber], [SubNumber], [Description], [ValueIdr], [ValueUsd], [Photo], [Latitude], [Longitude], [IsDeleted], [BarcodeImage]) VALUES (2082, 1, N'442_mangkok', N'0', N'Mangkok', 0, 0, N'~/Uploads/47dda62d-71b7-4a21-b805-56dedbfd1c30_p1.jpg', NULL, NULL, 0, NULL)
INSERT [dbo].[Asset] ([AssetId], [LocationId], [AssetNumber], [SubNumber], [Description], [ValueIdr], [ValueUsd], [Photo], [Latitude], [Longitude], [IsDeleted], [BarcodeImage]) VALUES (2083, 3, N'332handphone', N'0', N'Hand Phone', 0, 0, N'~/Uploads/0e3c7d42-64b1-4959-a184-9b02931c3eb7_p-big3.jpg', NULL, NULL, 0, NULL)
INSERT [dbo].[Asset] ([AssetId], [LocationId], [AssetNumber], [SubNumber], [Description], [ValueIdr], [ValueUsd], [Photo], [Latitude], [Longitude], [IsDeleted], [BarcodeImage]) VALUES (2084, 3, NULL, N'0', N'adas', 0, 0, N'~/Uploads/37d4dda3-d9d3-4629-ae62-ed13094ef930_auc.JPG', NULL, NULL, 1, NULL)
INSERT [dbo].[Asset] ([AssetId], [LocationId], [AssetNumber], [SubNumber], [Description], [ValueIdr], [ValueUsd], [Photo], [Latitude], [Longitude], [IsDeleted], [BarcodeImage]) VALUES (2085, 1, N'500000524', N'0', N'tes', 0, 0, N'~/Uploads/90da491d-1aaf-4463-9d84-c3e5dad4b883_login.JPG', NULL, NULL, 0, NULL)
INSERT [dbo].[Asset] ([AssetId], [LocationId], [AssetNumber], [SubNumber], [Description], [ValueIdr], [ValueUsd], [Photo], [Latitude], [Longitude], [IsDeleted], [BarcodeImage]) VALUES (2086, 1, N'500000524', N'0', N'Kare Jepang&nbsp;', 0, 0, N'~/Uploads/d2beb870-ca71-40f2-9e7e-7b2a25fb6c56_pjk.jpg', NULL, NULL, 0, NULL)
SET IDENTITY_INSERT [dbo].[Asset] OFF
INSERT [dbo].[AUC] ([WBSElement], [AssetNumber], [Description], [Plant], [CostCenter], [AcquisValIdr], [BookVal], [AssetClass], [SubNumber], [CapitalizedOn], [AccumDep], [Currency], [CompanyCode], [OriginalAsset], [SerialNumber], [UsefulLife], [UsefulPeriod], [ScrapVal], [ProfitCenter], [OrdinaryDep], [FirstAcquisition], [AssetCondition], [EvaluationGroup1], [EvaluationGroup3], [EvaluationGroup4], [Location], [EvaluationGroup5], [BalanceSheetItem], [OriginalValue], [OriginalAcquisitionYear], [DepreciationKey], [AccumOrdinaryDep], [PlannedOrdinaryDep], [NoUnitDeprec], [AcquisValUsd]) VALUES (N'N/KRH1/11.06.01', N'50000037', N'KRH, EPCC', N'E006', N'C0301001', 102247590000, NULL, N'1001', N'0', CAST(N'2009-08-31 00:00:00.000' AS DateTime), NULL, N'IDR', N'2022', NULL, NULL, NULL, NULL, NULL, N'C1402003', NULL, CAST(N'2009-08-31 00:00:00.000' AS DateTime), NULL, NULL, NULL, NULL, NULL, NULL, NULL, NULL, NULL, NULL, NULL, NULL, NULL, 7198000)
INSERT [dbo].[AUC] ([WBSElement], [AssetNumber], [Description], [Plant], [CostCenter], [AcquisValIdr], [BookVal], [AssetClass], [SubNumber], [CapitalizedOn], [AccumDep], [Currency], [CompanyCode], [OriginalAsset], [SerialNumber], [UsefulLife], [UsefulPeriod], [ScrapVal], [ProfitCenter], [OrdinaryDep], [FirstAcquisition], [AssetCondition], [EvaluationGroup1], [EvaluationGroup3], [EvaluationGroup4], [Location], [EvaluationGroup5], [BalanceSheetItem], [OriginalValue], [OriginalAcquisitionYear], [DepreciationKey], [AccumOrdinaryDep], [PlannedOrdinaryDep], [NoUnitDeprec], [AcquisValUsd]) VALUES (N'N/KRH1/11.08.02', N'50000039', N'Dinas', N'E006', N'C0301001', 73006527, NULL, N'1001', N'0', CAST(N'2009-08-31 00:00:00.000' AS DateTime), NULL, N'IDR', N'2022', NULL, NULL, NULL, NULL, NULL, N'C1402003', NULL, CAST(N'2009-08-31 00:00:00.000' AS DateTime), NULL, NULL, NULL, NULL, NULL, NULL, NULL, NULL, NULL, NULL, NULL, NULL, NULL, 5188.43)
INSERT [dbo].[AUC] ([WBSElement], [AssetNumber], [Description], [Plant], [CostCenter], [AcquisValIdr], [BookVal], [AssetClass], [SubNumber], [CapitalizedOn], [AccumDep], [Currency], [CompanyCode], [OriginalAsset], [SerialNumber], [UsefulLife], [UsefulPeriod], [ScrapVal], [ProfitCenter], [OrdinaryDep], [FirstAcquisition], [AssetCondition], [EvaluationGroup1], [EvaluationGroup3], [EvaluationGroup4], [Location], [EvaluationGroup5], [BalanceSheetItem], [OriginalValue], [OriginalAcquisitionYear], [DepreciationKey], [AccumOrdinaryDep], [PlannedOrdinaryDep], [NoUnitDeprec], [AcquisValUsd]) VALUES (N'NS00/06/B1/1-D030205', N'20000023', N'General LMB-01', N'E004', N'C0013004', 125000000, NULL, N'1001', N'0', CAST(N'2009-09-30 00:00:00.000' AS DateTime), NULL, N'USD', N'2022', NULL, NULL, NULL, NULL, NULL, N'C3104010', NULL, CAST(N'2009-09-30 00:00:00.000' AS DateTime), NULL, NULL, NULL, NULL, NULL, NULL, N'1104013', NULL, NULL, N'0000', NULL, NULL, NULL, 8620.689655172413)
INSERT [dbo].[AUC] ([WBSElement], [AssetNumber], [Description], [Plant], [CostCenter], [AcquisValIdr], [BookVal], [AssetClass], [SubNumber], [CapitalizedOn], [AccumDep], [Currency], [CompanyCode], [OriginalAsset], [SerialNumber], [UsefulLife], [UsefulPeriod], [ScrapVal], [ProfitCenter], [OrdinaryDep], [FirstAcquisition], [AssetCondition], [EvaluationGroup1], [EvaluationGroup3], [EvaluationGroup4], [Location], [EvaluationGroup5], [BalanceSheetItem], [OriginalValue], [OriginalAcquisitionYear], [DepreciationKey], [AccumOrdinaryDep], [PlannedOrdinaryDep], [NoUnitDeprec], [AcquisValUsd]) VALUES (N'NS00/06/B1/1-D0402', N'20000026', N'Intangible LMB-02 Lumutbalai', N'E004', N'C0013004', 25000000, NULL, N'1001', N'0', CAST(N'2009-10-31 00:00:00.000' AS DateTime), NULL, N'USD', N'2022', NULL, NULL, NULL, NULL, NULL, N'C3104010', NULL, CAST(N'2009-10-31 00:00:00.000' AS DateTime), NULL, NULL, NULL, NULL, NULL, NULL, N'1104013', NULL, NULL, N'0000', NULL, NULL, NULL, 1724.1379310344828)
INSERT [dbo].[AUC] ([WBSElement], [AssetNumber], [Description], [Plant], [CostCenter], [AcquisValIdr], [BookVal], [AssetClass], [SubNumber], [CapitalizedOn], [AccumDep], [Currency], [CompanyCode], [OriginalAsset], [SerialNumber], [UsefulLife], [UsefulPeriod], [ScrapVal], [ProfitCenter], [OrdinaryDep], [FirstAcquisition], [AssetCondition], [EvaluationGroup1], [EvaluationGroup3], [EvaluationGroup4], [Location], [EvaluationGroup5], [BalanceSheetItem], [OriginalValue], [OriginalAcquisitionYear], [DepreciationKey], [AccumOrdinaryDep], [PlannedOrdinaryDep], [NoUnitDeprec], [AcquisValUsd]) VALUES (N'NS00/06/B1/1-D040202', N'20000028', N'Drilling/Workover Operations LMB-02', N'E004', N'C0013004', 23000000, NULL, N'1001', N'0', CAST(N'2009-06-30 00:00:00.000' AS DateTime), NULL, N'IDR', N'2022', NULL, NULL, NULL, NULL, NULL, N'C3104010', NULL, CAST(N'2009-06-30 00:00:00.000' AS DateTime), NULL, NULL, NULL, NULL, NULL, NULL, N'1104013', NULL, NULL, N'0000', NULL, NULL, NULL, 1586.2068965517242)
INSERT [dbo].[AUC] ([WBSElement], [AssetNumber], [Description], [Plant], [CostCenter], [AcquisValIdr], [BookVal], [AssetClass], [SubNumber], [CapitalizedOn], [AccumDep], [Currency], [CompanyCode], [OriginalAsset], [SerialNumber], [UsefulLife], [UsefulPeriod], [ScrapVal], [ProfitCenter], [OrdinaryDep], [FirstAcquisition], [AssetCondition], [EvaluationGroup1], [EvaluationGroup3], [EvaluationGroup4], [Location], [EvaluationGroup5], [BalanceSheetItem], [OriginalValue], [OriginalAcquisitionYear], [DepreciationKey], [AccumOrdinaryDep], [PlannedOrdinaryDep], [NoUnitDeprec], [AcquisValUsd]) VALUES (N'NS00/06/B1/1-D0502', N'20000034', N'Intangible LMB-03 Lumutbalai', N'E004', N'C0013004', 54000000, NULL, N'1001', N'0', CAST(N'2009-06-30 00:00:00.000' AS DateTime), NULL, N'IDR', N'2022', NULL, NULL, NULL, NULL, NULL, N'C3104010', NULL, CAST(N'2009-06-30 00:00:00.000' AS DateTime), NULL, NULL, NULL, NULL, NULL, NULL, N'1104013', NULL, NULL, N'0000', NULL, NULL, NULL, 3724.1379310344832)
INSERT [dbo].[AUC] ([WBSElement], [AssetNumber], [Description], [Plant], [CostCenter], [AcquisValIdr], [BookVal], [AssetClass], [SubNumber], [CapitalizedOn], [AccumDep], [Currency], [CompanyCode], [OriginalAsset], [SerialNumber], [UsefulLife], [UsefulPeriod], [ScrapVal], [ProfitCenter], [OrdinaryDep], [FirstAcquisition], [AssetCondition], [EvaluationGroup1], [EvaluationGroup3], [EvaluationGroup4], [Location], [EvaluationGroup5], [BalanceSheetItem], [OriginalValue], [OriginalAcquisitionYear], [DepreciationKey], [AccumOrdinaryDep], [PlannedOrdinaryDep], [NoUnitDeprec], [AcquisValUsd]) VALUES (N'NS00/06/B1/1-D050201', N'20000035', N'Preparation & Termination LMB-03', N'E004', N'C0013004', 85000000, NULL, N'1001', N'0', CAST(N'2009-06-30 00:00:00.000' AS DateTime), NULL, N'IDR', N'2022', NULL, NULL, NULL, NULL, NULL, N'C3104010', NULL, CAST(N'2009-06-30 00:00:00.000' AS DateTime), NULL, NULL, NULL, NULL, NULL, NULL, N'1104013', NULL, NULL, N'0000', NULL, NULL, NULL, 5862.0689655172409)
INSERT [dbo].[AUC] ([WBSElement], [AssetNumber], [Description], [Plant], [CostCenter], [AcquisValIdr], [BookVal], [AssetClass], [SubNumber], [CapitalizedOn], [AccumDep], [Currency], [CompanyCode], [OriginalAsset], [SerialNumber], [UsefulLife], [UsefulPeriod], [ScrapVal], [ProfitCenter], [OrdinaryDep], [FirstAcquisition], [AssetCondition], [EvaluationGroup1], [EvaluationGroup3], [EvaluationGroup4], [Location], [EvaluationGroup5], [BalanceSheetItem], [OriginalValue], [OriginalAcquisitionYear], [DepreciationKey], [AccumOrdinaryDep], [PlannedOrdinaryDep], [NoUnitDeprec], [AcquisValUsd]) VALUES (N'NS00/06/B1/1-D050202', N'20000036', N'Drilling/Workover Operations LMB-03', N'E004', N'C0013004', 116000000, NULL, N'1001', N'0', CAST(N'2009-06-30 00:00:00.000' AS DateTime), NULL, N'IDR', N'2022', NULL, NULL, NULL, NULL, NULL, N'C3104010', NULL, CAST(N'2009-06-30 00:00:00.000' AS DateTime), NULL, NULL, NULL, NULL, NULL, NULL, N'1104013', NULL, NULL, N'0000', NULL, NULL, NULL, 8000)
INSERT [dbo].[AUC] ([WBSElement], [AssetNumber], [Description], [Plant], [CostCenter], [AcquisValIdr], [BookVal], [AssetClass], [SubNumber], [CapitalizedOn], [AccumDep], [Currency], [CompanyCode], [OriginalAsset], [SerialNumber], [UsefulLife], [UsefulPeriod], [ScrapVal], [ProfitCenter], [OrdinaryDep], [FirstAcquisition], [AssetCondition], [EvaluationGroup1], [EvaluationGroup3], [EvaluationGroup4], [Location], [EvaluationGroup5], [BalanceSheetItem], [OriginalValue], [OriginalAcquisitionYear], [DepreciationKey], [AccumOrdinaryDep], [PlannedOrdinaryDep], [NoUnitDeprec], [AcquisValUsd]) VALUES (N'NS22/06/B1/1-A0101', N'20000111', N'Tangible Pemboran LHD-24 Pangalombian', N'E003', N'C0301001', 147000000, NULL, N'1001', N'0', CAST(N'2009-06-30 00:00:00.000' AS DateTime), NULL, N'IDR', N'2022', NULL, NULL, NULL, NULL, NULL, N'C1402003', NULL, CAST(N'2009-06-30 00:00:00.000' AS DateTime), NULL, NULL, NULL, NULL, NULL, NULL, N'1104013', NULL, NULL, N'0000', NULL, NULL, NULL, 10137.931034482761)
INSERT [dbo].[AUC] ([WBSElement], [AssetNumber], [Description], [Plant], [CostCenter], [AcquisValIdr], [BookVal], [AssetClass], [SubNumber], [CapitalizedOn], [AccumDep], [Currency], [CompanyCode], [OriginalAsset], [SerialNumber], [UsefulLife], [UsefulPeriod], [ScrapVal], [ProfitCenter], [OrdinaryDep], [FirstAcquisition], [AssetCondition], [EvaluationGroup1], [EvaluationGroup3], [EvaluationGroup4], [Location], [EvaluationGroup5], [BalanceSheetItem], [OriginalValue], [OriginalAcquisitionYear], [DepreciationKey], [AccumOrdinaryDep], [PlannedOrdinaryDep], [NoUnitDeprec], [AcquisValUsd]) VALUES (N'NS22/06/B1/1-A0102', N'20000113', N'Intangible Pemboran LHD-24 Pangalombian', N'E003', N'C0301001', 178000000, NULL, N'1001', N'0', CAST(N'2009-08-31 00:00:00.000' AS DateTime), NULL, N'IDR', N'2022', NULL, NULL, NULL, NULL, NULL, N'C1402003', NULL, CAST(N'2009-08-31 00:00:00.000' AS DateTime), NULL, NULL, NULL, NULL, NULL, NULL, N'1104013', NULL, NULL, N'0000', NULL, NULL, NULL, 12275.862068965518)
INSERT [dbo].[AUC] ([WBSElement], [AssetNumber], [Description], [Plant], [CostCenter], [AcquisValIdr], [BookVal], [AssetClass], [SubNumber], [CapitalizedOn], [AccumDep], [Currency], [CompanyCode], [OriginalAsset], [SerialNumber], [UsefulLife], [UsefulPeriod], [ScrapVal], [ProfitCenter], [OrdinaryDep], [FirstAcquisition], [AssetCondition], [EvaluationGroup1], [EvaluationGroup3], [EvaluationGroup4], [Location], [EvaluationGroup5], [BalanceSheetItem], [OriginalValue], [OriginalAcquisitionYear], [DepreciationKey], [AccumOrdinaryDep], [PlannedOrdinaryDep], [NoUnitDeprec], [AcquisValUsd]) VALUES (N'NS22/06/B1/1-A010201', N'20000114', N'Preparation & Termination LHD-24', N'E003', N'C0301001', 209000000, NULL, N'1001', N'0', CAST(N'2009-08-31 00:00:00.000' AS DateTime), NULL, N'IDR', N'2022', NULL, NULL, NULL, NULL, NULL, N'C1402003', NULL, CAST(N'2009-08-31 00:00:00.000' AS DateTime), NULL, NULL, NULL, NULL, NULL, NULL, N'1104013', NULL, NULL, N'0000', NULL, NULL, NULL, 14413.793103448275)
INSERT [dbo].[AUC] ([WBSElement], [AssetNumber], [Description], [Plant], [CostCenter], [AcquisValIdr], [BookVal], [AssetClass], [SubNumber], [CapitalizedOn], [AccumDep], [Currency], [CompanyCode], [OriginalAsset], [SerialNumber], [UsefulLife], [UsefulPeriod], [ScrapVal], [ProfitCenter], [OrdinaryDep], [FirstAcquisition], [AssetCondition], [EvaluationGroup1], [EvaluationGroup3], [EvaluationGroup4], [Location], [EvaluationGroup5], [BalanceSheetItem], [OriginalValue], [OriginalAcquisitionYear], [DepreciationKey], [AccumOrdinaryDep], [PlannedOrdinaryDep], [NoUnitDeprec], [AcquisValUsd]) VALUES (N'NS22/06/B1/1-A010202', N'20000115', N'Drilling/Workover Operations  LHD-24', N'E003', N'C0301001', 240000000, NULL, N'1001', N'0', CAST(N'2009-06-30 00:00:00.000' AS DateTime), NULL, N'IDR', N'2022', NULL, NULL, NULL, NULL, NULL, N'C1402003', NULL, CAST(N'2009-06-30 00:00:00.000' AS DateTime), NULL, NULL, NULL, NULL, NULL, NULL, N'1104013', NULL, NULL, N'0000', NULL, NULL, NULL, 16552)
SET IDENTITY_INSERT [dbo].[CostCenter] ON 

INSERT [dbo].[CostCenter] ([CostCenterId], [Name], [AssetHolder]) VALUES (1, N'lla', N'dortoh')
SET IDENTITY_INSERT [dbo].[CostCenter] OFF
SET IDENTITY_INSERT [dbo].[Location] ON 

INSERT [dbo].[Location] ([LocationId], [Name]) VALUES (1, N'KMJ-KGRT')
INSERT [dbo].[Location] ([LocationId], [Name]) VALUES (2, N'KMJ-KTR
')
INSERT [dbo].[Location] ([LocationId], [Name]) VALUES (3, N'KMJ-DIPA
')
INSERT [dbo].[Location] ([LocationId], [Name]) VALUES (4, N'KMJ-GRUT
')
INSERT [dbo].[Location] ([LocationId], [Name]) VALUES (5, N'LHD-KTPS
')
SET IDENTITY_INSERT [dbo].[Location] OFF
SET IDENTITY_INSERT [dbo].[Mapping] ON 

INSERT [dbo].[Mapping] ([MappingId], [PlantId], [SubmitDate], [Description], [Status], [IsDeleted], [Notes]) VALUES (12, NULL, CAST(N'2018-08-07 08:50:00.000' AS DateTime), N'tes', N'DRAFT', 1, NULL)
INSERT [dbo].[Mapping] ([MappingId], [PlantId], [SubmitDate], [Description], [Status], [IsDeleted], [Notes]) VALUES (13, NULL, CAST(N'2018-08-07 15:57:00.000' AS DateTime), N'<strong>Admin 2 tes</strong>', N'DRAFT', 0, NULL)
INSERT [dbo].[Mapping] ([MappingId], [PlantId], [SubmitDate], [Description], [Status], [IsDeleted], [Notes]) VALUES (1008, NULL, CAST(N'2018-08-08 09:30:00.000' AS DateTime), N'<span style="text-decoration:underline;"><em><strong>Mapping 3</strong></em></span>', N'DRAFT', 1, NULL)
INSERT [dbo].[Mapping] ([MappingId], [PlantId], [SubmitDate], [Description], [Status], [IsDeleted], [Notes]) VALUES (1009, NULL, CAST(N'2018-08-08 10:44:00.000' AS DateTime), N'Tes Delete Asset', N'APPROVE_BY_FINANCE', 0, NULL)
INSERT [dbo].[Mapping] ([MappingId], [PlantId], [SubmitDate], [Description], [Status], [IsDeleted], [Notes]) VALUES (1010, NULL, CAST(N'2018-08-09 13:25:00.000' AS DateTime), N'tes', N'DRAFT', 1, NULL)
INSERT [dbo].[Mapping] ([MappingId], [PlantId], [SubmitDate], [Description], [Status], [IsDeleted], [Notes]) VALUES (1011, NULL, CAST(N'2018-08-10 23:00:00.000' AS DateTime), N'<strong>Percobaan Draft</strong>', N'DRAFT', 1, NULL)
INSERT [dbo].[Mapping] ([MappingId], [PlantId], [SubmitDate], [Description], [Status], [IsDeleted], [Notes]) VALUES (1012, NULL, CAST(N'2018-08-10 23:02:00.000' AS DateTime), N'<em>Percobaan</em>', N'DRAFT', 1, NULL)
INSERT [dbo].[Mapping] ([MappingId], [PlantId], [SubmitDate], [Description], [Status], [IsDeleted], [Notes]) VALUES (1013, NULL, CAST(N'2018-08-10 23:05:00.000' AS DateTime), N'<strong>tes delete</strong>', N'DRAFT', 1, NULL)
INSERT [dbo].[Mapping] ([MappingId], [PlantId], [SubmitDate], [Description], [Status], [IsDeleted], [Notes]) VALUES (1014, NULL, CAST(N'2018-08-10 23:06:00.000' AS DateTime), N'<em><strong>STATUS DRAFT</strong></em>', N'APPROVE_BY_FINANCE', 0, NULL)
INSERT [dbo].[Mapping] ([MappingId], [PlantId], [SubmitDate], [Description], [Status], [IsDeleted], [Notes]) VALUES (1015, NULL, CAST(N'2018-08-11 00:33:00.000' AS DateTime), N'Mapping Draft', N'APPROVE_BY_FINANCE', 0, NULL)
INSERT [dbo].[Mapping] ([MappingId], [PlantId], [SubmitDate], [Description], [Status], [IsDeleted], [Notes]) VALUES (1016, NULL, CAST(N'2018-08-11 10:03:00.000' AS DateTime), N'Tes Belum Approve', N'WAITING_APPROVAL_FINANCE', 0, NULL)
INSERT [dbo].[Mapping] ([MappingId], [PlantId], [SubmitDate], [Description], [Status], [IsDeleted], [Notes]) VALUES (1017, NULL, CAST(N'2018-08-12 13:27:00.000' AS DateTime), N'tes', N'DRAFT', 1, NULL)
INSERT [dbo].[Mapping] ([MappingId], [PlantId], [SubmitDate], [Description], [Status], [IsDeleted], [Notes]) VALUES (1018, NULL, CAST(N'2018-08-11 00:30:00.000' AS DateTime), N'tesct case', N'DRAFT', 0, NULL)
INSERT [dbo].[Mapping] ([MappingId], [PlantId], [SubmitDate], [Description], [Status], [IsDeleted], [Notes]) VALUES (1019, NULL, CAST(N'2018-08-14 10:29:00.000' AS DateTime), N'test case', N'WAITING_APPROVAL_FINANCE', 0, NULL)
INSERT [dbo].[Mapping] ([MappingId], [PlantId], [SubmitDate], [Description], [Status], [IsDeleted], [Notes]) VALUES (1020, NULL, CAST(N'2018-08-14 16:40:00.000' AS DateTime), N'ted', N'APPROVE_BY_FINANCE', 0, NULL)
INSERT [dbo].[Mapping] ([MappingId], [PlantId], [SubmitDate], [Description], [Status], [IsDeleted], [Notes]) VALUES (2020, NULL, CAST(N'2018-08-16 09:55:00.000' AS DateTime), N'Mapping asset X', N'APPROVE_BY_FINANCE', 0, NULL)
INSERT [dbo].[Mapping] ([MappingId], [PlantId], [SubmitDate], [Description], [Status], [IsDeleted], [Notes]) VALUES (2021, NULL, CAST(N'2018-08-16 10:03:00.000' AS DateTime), N'Share To EPCC', N'APPROVE_BY_FINANCE', 0, NULL)
INSERT [dbo].[Mapping] ([MappingId], [PlantId], [SubmitDate], [Description], [Status], [IsDeleted], [Notes]) VALUES (2022, NULL, CAST(N'2018-08-29 14:56:00.000' AS DateTime), N'tes mapping AUC', N'APPROVE_BY_FINANCE', 0, NULL)
INSERT [dbo].[Mapping] ([MappingId], [PlantId], [SubmitDate], [Description], [Status], [IsDeleted], [Notes]) VALUES (2023, NULL, CAST(N'2018-08-30 14:30:00.000' AS DateTime), N'<strong>Mapping Data tanpa Asset Number</strong>', N'APPROVE_BY_FINANCE', 0, NULL)
INSERT [dbo].[Mapping] ([MappingId], [PlantId], [SubmitDate], [Description], [Status], [IsDeleted], [Notes]) VALUES (2024, NULL, CAST(N'2018-08-30 23:36:00.000' AS DateTime), N'Mapping data for testing MDM', N'APPROVE_BY_FINANCE', 0, NULL)
INSERT [dbo].[Mapping] ([MappingId], [PlantId], [SubmitDate], [Description], [Status], [IsDeleted], [Notes]) VALUES (2025, NULL, CAST(N'2018-09-20 12:46:00.000' AS DateTime), N'tes', N'APPROVE_BY_FINANCE', 0, NULL)
INSERT [dbo].[Mapping] ([MappingId], [PlantId], [SubmitDate], [Description], [Status], [IsDeleted], [Notes]) VALUES (2026, NULL, CAST(N'2018-11-10 13:54:00.000' AS DateTime), N'Tes Mapping 13 Novemebr 2018', N'APPROVE_BY_FINANCE', 0, NULL)
INSERT [dbo].[Mapping] ([MappingId], [PlantId], [SubmitDate], [Description], [Status], [IsDeleted], [Notes]) VALUES (2027, NULL, CAST(N'2018-11-11 19:32:00.000' AS DateTime), N'Test Mapping', N'DRAFT', 0, NULL)
INSERT [dbo].[Mapping] ([MappingId], [PlantId], [SubmitDate], [Description], [Status], [IsDeleted], [Notes]) VALUES (2028, NULL, CAST(N'2018-11-11 19:33:00.000' AS DateTime), N'COba', N'DRAFT', 0, NULL)
INSERT [dbo].[Mapping] ([MappingId], [PlantId], [SubmitDate], [Description], [Status], [IsDeleted], [Notes]) VALUES (2029, NULL, CAST(N'2018-11-11 19:33:00.000' AS DateTime), N'coba', N'DRAFT', 0, NULL)
INSERT [dbo].[Mapping] ([MappingId], [PlantId], [SubmitDate], [Description], [Status], [IsDeleted], [Notes]) VALUES (2030, 3, CAST(N'2018-11-11 20:52:00.000' AS DateTime), N'lagi', N'DRAFT', 0, NULL)
INSERT [dbo].[Mapping] ([MappingId], [PlantId], [SubmitDate], [Description], [Status], [IsDeleted], [Notes]) VALUES (2031, 4, CAST(N'2018-11-12 11:10:00.000' AS DateTime), N'Test Area', N'DRAFT', 0, NULL)
SET IDENTITY_INSERT [dbo].[Mapping] OFF
SET IDENTITY_INSERT [dbo].[MappingAsset] ON 

INSERT [dbo].[MappingAsset] ([MappingAssetId], [MappingId], [AssetId]) VALUES (1, 13, 1060)
INSERT [dbo].[MappingAsset] ([MappingAssetId], [MappingId], [AssetId]) VALUES (2, 13, 1061)
INSERT [dbo].[MappingAsset] ([MappingAssetId], [MappingId], [AssetId]) VALUES (3, 13, 1062)
INSERT [dbo].[MappingAsset] ([MappingAssetId], [MappingId], [AssetId]) VALUES (4, 13, 1063)
INSERT [dbo].[MappingAsset] ([MappingAssetId], [MappingId], [AssetId]) VALUES (5, 13, 1064)
INSERT [dbo].[MappingAsset] ([MappingAssetId], [MappingId], [AssetId]) VALUES (6, 1014, 1065)
INSERT [dbo].[MappingAsset] ([MappingAssetId], [MappingId], [AssetId]) VALUES (7, 1015, 1066)
INSERT [dbo].[MappingAsset] ([MappingAssetId], [MappingId], [AssetId]) VALUES (8, 1015, 1067)
INSERT [dbo].[MappingAsset] ([MappingAssetId], [MappingId], [AssetId]) VALUES (9, 1016, 1068)
INSERT [dbo].[MappingAsset] ([MappingAssetId], [MappingId], [AssetId]) VALUES (10, 1009, 1069)
INSERT [dbo].[MappingAsset] ([MappingAssetId], [MappingId], [AssetId]) VALUES (11, 1017, 1070)
INSERT [dbo].[MappingAsset] ([MappingAssetId], [MappingId], [AssetId]) VALUES (12, 1017, 1071)
INSERT [dbo].[MappingAsset] ([MappingAssetId], [MappingId], [AssetId]) VALUES (13, 13, 1072)
INSERT [dbo].[MappingAsset] ([MappingAssetId], [MappingId], [AssetId]) VALUES (14, 1018, 1073)
INSERT [dbo].[MappingAsset] ([MappingAssetId], [MappingId], [AssetId]) VALUES (15, 1020, 1074)
INSERT [dbo].[MappingAsset] ([MappingAssetId], [MappingId], [AssetId]) VALUES (1015, 2020, 2074)
INSERT [dbo].[MappingAsset] ([MappingAssetId], [MappingId], [AssetId]) VALUES (1016, 2021, 2075)
INSERT [dbo].[MappingAsset] ([MappingAssetId], [MappingId], [AssetId]) VALUES (1017, 2021, 2076)
INSERT [dbo].[MappingAsset] ([MappingAssetId], [MappingId], [AssetId]) VALUES (1018, 2022, 2077)
INSERT [dbo].[MappingAsset] ([MappingAssetId], [MappingId], [AssetId]) VALUES (1019, 1019, 2078)
INSERT [dbo].[MappingAsset] ([MappingAssetId], [MappingId], [AssetId]) VALUES (1020, 2023, 2079)
INSERT [dbo].[MappingAsset] ([MappingAssetId], [MappingId], [AssetId]) VALUES (1021, 2023, 2080)
INSERT [dbo].[MappingAsset] ([MappingAssetId], [MappingId], [AssetId]) VALUES (1022, 2024, 2081)
INSERT [dbo].[MappingAsset] ([MappingAssetId], [MappingId], [AssetId]) VALUES (1023, 2024, 2082)
INSERT [dbo].[MappingAsset] ([MappingAssetId], [MappingId], [AssetId]) VALUES (1024, 2024, 2083)
INSERT [dbo].[MappingAsset] ([MappingAssetId], [MappingId], [AssetId]) VALUES (1025, 2025, 2084)
INSERT [dbo].[MappingAsset] ([MappingAssetId], [MappingId], [AssetId]) VALUES (1026, 2025, 2085)
INSERT [dbo].[MappingAsset] ([MappingAssetId], [MappingId], [AssetId]) VALUES (1027, 2026, 2086)
SET IDENTITY_INSERT [dbo].[MappingAsset] OFF
SET IDENTITY_INSERT [dbo].[MappingAssetActualCost] ON 

INSERT [dbo].[MappingAssetActualCost] ([MappingAssetActualCostId], [MappingAssetId], [ActualCostId], [WBSElement], [ValueIdr], [ValueUsd]) VALUES (30, 4, 17, N'NS00/06/B1/1-D0402', 2500000, 172.4)
INSERT [dbo].[MappingAssetActualCost] ([MappingAssetActualCostId], [MappingAssetId], [ActualCostId], [WBSElement], [ValueIdr], [ValueUsd]) VALUES (31, 4, 18, N'NS00/06/B1/1-D040202', 10000000, 0)
INSERT [dbo].[MappingAssetActualCost] ([MappingAssetActualCostId], [MappingAssetId], [ActualCostId], [WBSElement], [ValueIdr], [ValueUsd]) VALUES (38, 4, 25, N'NS00/06/B1/1-D030205', 1000000, 69)
INSERT [dbo].[MappingAssetActualCost] ([MappingAssetActualCostId], [MappingAssetId], [ActualCostId], [WBSElement], [ValueIdr], [ValueUsd]) VALUES (39, 4, 26, N'NS00/06/B1/1-D0502', 1000000, 68.962962962962962)
INSERT [dbo].[MappingAssetActualCost] ([MappingAssetActualCostId], [MappingAssetId], [ActualCostId], [WBSElement], [ValueIdr], [ValueUsd]) VALUES (40, 4, 27, N'NS00/06/B1/1-D030205', 800000, 55.1744)
INSERT [dbo].[MappingAssetActualCost] ([MappingAssetActualCostId], [MappingAssetId], [ActualCostId], [WBSElement], [ValueIdr], [ValueUsd]) VALUES (41, 5, 27, N'NS00/06/B1/1-D030205', 1000000, 68.968)
INSERT [dbo].[MappingAssetActualCost] ([MappingAssetActualCostId], [MappingAssetId], [ActualCostId], [WBSElement], [ValueIdr], [ValueUsd]) VALUES (42, 1, 27, N'NS00/06/B1/1-D030205', 500000, 34.484)
INSERT [dbo].[MappingAssetActualCost] ([MappingAssetActualCostId], [MappingAssetId], [ActualCostId], [WBSElement], [ValueIdr], [ValueUsd]) VALUES (43, 2, 27, N'NS00/06/B1/1-D040202', 20000, 1.3791304347826086)
INSERT [dbo].[MappingAssetActualCost] ([MappingAssetActualCostId], [MappingAssetId], [ActualCostId], [WBSElement], [ValueIdr], [ValueUsd]) VALUES (44, 6, 26, N'NS00/06/B1/1-D040202', 1000000, 68.956521739130437)
INSERT [dbo].[MappingAssetActualCost] ([MappingAssetActualCostId], [MappingAssetId], [ActualCostId], [WBSElement], [ValueIdr], [ValueUsd]) VALUES (45, 6, 27, N'NS00/06/B1/1-D030205', 10000, 0.68968)
INSERT [dbo].[MappingAssetActualCost] ([MappingAssetActualCostId], [MappingAssetId], [ActualCostId], [WBSElement], [ValueIdr], [ValueUsd]) VALUES (46, 8, 27, N'NS00/06/B1/1-D030205', 5000, 0.34484)
INSERT [dbo].[MappingAssetActualCost] ([MappingAssetActualCostId], [MappingAssetId], [ActualCostId], [WBSElement], [ValueIdr], [ValueUsd]) VALUES (47, 7, 22, N'NS00/06/B1/1-D040202', 1000000, 68.956521739130437)
INSERT [dbo].[MappingAssetActualCost] ([MappingAssetActualCostId], [MappingAssetId], [ActualCostId], [WBSElement], [ValueIdr], [ValueUsd]) VALUES (49, 10, 26, N'NS22/06/B1/1-A010202', 275100, 18.97273)
INSERT [dbo].[MappingAssetActualCost] ([MappingAssetActualCostId], [MappingAssetId], [ActualCostId], [WBSElement], [ValueIdr], [ValueUsd]) VALUES (50, 9, 27, N'NS00/06/B1/1-D0402', 4000, 0.27584000000000003)
INSERT [dbo].[MappingAssetActualCost] ([MappingAssetActualCostId], [MappingAssetId], [ActualCostId], [WBSElement], [ValueIdr], [ValueUsd]) VALUES (52, 15, 25, N'NS00/06/B1/1-D030205', 1000000, 68.968)
INSERT [dbo].[MappingAssetActualCost] ([MappingAssetActualCostId], [MappingAssetId], [ActualCostId], [WBSElement], [ValueIdr], [ValueUsd]) VALUES (53, 15, 26, N'NS00/06/B1/1-D030205', 500000, 34.484)
INSERT [dbo].[MappingAssetActualCost] ([MappingAssetActualCostId], [MappingAssetId], [ActualCostId], [WBSElement], [ValueIdr], [ValueUsd]) VALUES (54, 15, 27, N'NS00/06/B1/1-D0402', 1000, 0.068960000000000007)
INSERT [dbo].[MappingAssetActualCost] ([MappingAssetActualCostId], [MappingAssetId], [ActualCostId], [WBSElement], [ValueIdr], [ValueUsd]) VALUES (1052, 1015, 23, N'NS00/06/B1/1-D040202', 24000, 1.6551724137931034)
INSERT [dbo].[MappingAssetActualCost] ([MappingAssetActualCostId], [MappingAssetId], [ActualCostId], [WBSElement], [ValueIdr], [ValueUsd]) VALUES (1053, 1015, 25, N'N/KRH1/11.08.02', 200, 0.014213605860199322)
INSERT [dbo].[MappingAssetActualCost] ([MappingAssetActualCostId], [MappingAssetId], [ActualCostId], [WBSElement], [ValueIdr], [ValueUsd]) VALUES (1058, 1016, 29, N'N/KRH1/11.06.01', 1381689751, 97267.845899331209)
INSERT [dbo].[MappingAssetActualCost] ([MappingAssetActualCostId], [MappingAssetId], [ActualCostId], [WBSElement], [ValueIdr], [ValueUsd]) VALUES (1059, 1017, 28, N'N/KRH1/11.06.01', 519359698, 36561.752763111581)
INSERT [dbo].[MappingAssetActualCost] ([MappingAssetActualCostId], [MappingAssetId], [ActualCostId], [WBSElement], [ValueIdr], [ValueUsd]) VALUES (1093, 1016, 11, N'N/KRH1/11.08.02', 4090000, 290.66823984107612)
INSERT [dbo].[MappingAssetActualCost] ([MappingAssetActualCostId], [MappingAssetId], [ActualCostId], [WBSElement], [ValueIdr], [ValueUsd]) VALUES (1094, 1016, 12, N'N/KRH1/11.08.02', 2265000, 160.96908636675732)
INSERT [dbo].[MappingAssetActualCost] ([MappingAssetActualCostId], [MappingAssetId], [ActualCostId], [WBSElement], [ValueIdr], [ValueUsd]) VALUES (1095, 1018, 156, N'N/KRH1/11.06.01', 100000, 7.0397747272087292)
INSERT [dbo].[MappingAssetActualCost] ([MappingAssetActualCostId], [MappingAssetId], [ActualCostId], [WBSElement], [ValueIdr], [ValueUsd]) VALUES (1101, 1019, 146, N'N/KRH1/11.08.02', -7227889, -513.67182723635108)
INSERT [dbo].[MappingAssetActualCost] ([MappingAssetActualCostId], [MappingAssetId], [ActualCostId], [WBSElement], [ValueIdr], [ValueUsd]) VALUES (1114, 1020, 148, N'N/KRH1/11.06.01', 120000, 8.4477296726504747)
INSERT [dbo].[MappingAssetActualCost] ([MappingAssetActualCostId], [MappingAssetId], [ActualCostId], [WBSElement], [ValueIdr], [ValueUsd]) VALUES (1115, 1021, 147, N'NS00/06/B1/1-D030205', 20000000, 1379.3103448275861)
INSERT [dbo].[MappingAssetActualCost] ([MappingAssetActualCostId], [MappingAssetId], [ActualCostId], [WBSElement], [ValueIdr], [ValueUsd]) VALUES (1131, 1022, 156, N'N/KRH1/11.06.01', 80000000, 5631.8197817669834)
INSERT [dbo].[MappingAssetActualCost] ([MappingAssetActualCostId], [MappingAssetId], [ActualCostId], [WBSElement], [ValueIdr], [ValueUsd]) VALUES (1132, 1023, 156, N'N/KRH1/11.06.01', 188000000, 13234.776487152412)
INSERT [dbo].[MappingAssetActualCost] ([MappingAssetActualCostId], [MappingAssetId], [ActualCostId], [WBSElement], [ValueIdr], [ValueUsd]) VALUES (1133, 1024, 148, N'N/KRH1/11.06.01', 27000000, 1900.739176346357)
INSERT [dbo].[MappingAssetActualCost] ([MappingAssetActualCostId], [MappingAssetId], [ActualCostId], [WBSElement], [ValueIdr], [ValueUsd]) VALUES (1134, 1024, 147, N'N/KRH1/11.06.01', 7227889, 508.82710313269973)
INSERT [dbo].[MappingAssetActualCost] ([MappingAssetActualCostId], [MappingAssetId], [ActualCostId], [WBSElement], [ValueIdr], [ValueUsd]) VALUES (2131, 14, 155, N'N/KRH1/11.08.02', -120000000, -8528.1635161195936)
INSERT [dbo].[MappingAssetActualCost] ([MappingAssetActualCostId], [MappingAssetId], [ActualCostId], [WBSElement], [ValueIdr], [ValueUsd]) VALUES (3131, 14, 145, NULL, 0, 0)
INSERT [dbo].[MappingAssetActualCost] ([MappingAssetActualCostId], [MappingAssetId], [ActualCostId], [WBSElement], [ValueIdr], [ValueUsd]) VALUES (3132, 14, 146, NULL, 0, 0)
INSERT [dbo].[MappingAssetActualCost] ([MappingAssetActualCostId], [MappingAssetId], [ActualCostId], [WBSElement], [ValueIdr], [ValueUsd]) VALUES (3133, 14, 148, N'N/KRH1/11.08.02', 8787888, 624.53788187787654)
INSERT [dbo].[MappingAssetActualCost] ([MappingAssetActualCostId], [MappingAssetId], [ActualCostId], [WBSElement], [ValueIdr], [ValueUsd]) VALUES (3134, 1025, 148, NULL, 0, 0)
INSERT [dbo].[MappingAssetActualCost] ([MappingAssetActualCostId], [MappingAssetId], [ActualCostId], [WBSElement], [ValueIdr], [ValueUsd]) VALUES (3136, 1026, 178, N'N/KRH1/11.06.01', 735000000, 51742.34424498416)
INSERT [dbo].[MappingAssetActualCost] ([MappingAssetActualCostId], [MappingAssetId], [ActualCostId], [WBSElement], [ValueIdr], [ValueUsd]) VALUES (3137, 1026, 181, N'N/KRH1/11.06.01', 735000000, 51742.34424498416)
INSERT [dbo].[MappingAssetActualCost] ([MappingAssetActualCostId], [MappingAssetId], [ActualCostId], [WBSElement], [ValueIdr], [ValueUsd]) VALUES (3138, 1026, 183, N'N/KRH1/11.06.01', 735000000, 51742.34424498416)
INSERT [dbo].[MappingAssetActualCost] ([MappingAssetActualCostId], [MappingAssetId], [ActualCostId], [WBSElement], [ValueIdr], [ValueUsd]) VALUES (3139, 1027, 182, N'NS22/06/B1/1-A010201', 725000000, 50000)
SET IDENTITY_INSERT [dbo].[MappingAssetActualCost] OFF
INSERT [dbo].[MDMAsset] ([MDMRequestId], [AssetId], [AssetClass], [PostCap], [Description2], [SerialNumber], [EvaluationGroup1], [AssetCondition], [OriginalAsset], [OrigAcquisDate], [BookDepreKey], [UsefulLife01], [UsefulLife03]) VALUES (2, 2074, N'das', N'tes', N'tes', N'tes', N'tes', N'tes', N'tes', CAST(N'2018-08-29 17:00:00.000' AS DateTime), N'tes', N'tes', N'tes')
INSERT [dbo].[MDMAsset] ([MDMRequestId], [AssetId], [AssetClass], [PostCap], [Description2], [SerialNumber], [EvaluationGroup1], [AssetCondition], [OriginalAsset], [OrigAcquisDate], [BookDepreKey], [UsefulLife01], [UsefulLife03]) VALUES (3, 1067, N'tes', N'tesss', N'tes', N'tes', N'tes', N'tes', N'tes', CAST(N'2018-08-28 10:00:00.000' AS DateTime), N'tes', N'tes', N'tes')
INSERT [dbo].[MDMAsset] ([MDMRequestId], [AssetId], [AssetClass], [PostCap], [Description2], [SerialNumber], [EvaluationGroup1], [AssetCondition], [OriginalAsset], [OrigAcquisDate], [BookDepreKey], [UsefulLife01], [UsefulLife03]) VALUES (3, 2075, N'das', N'das', N'dasd', N'das', N'das', N'das', N'das', CAST(N'2018-08-28 17:00:00.000' AS DateTime), N'das', N'das', N'das')
INSERT [dbo].[MDMAsset] ([MDMRequestId], [AssetId], [AssetClass], [PostCap], [Description2], [SerialNumber], [EvaluationGroup1], [AssetCondition], [OriginalAsset], [OrigAcquisDate], [BookDepreKey], [UsefulLife01], [UsefulLife03]) VALUES (3, 2076, N'tes', N'dsa', N'das', N'das', N'das', N'dasd', N'das', CAST(N'2018-08-28 17:00:00.000' AS DateTime), N'das', N'das', N'das')
INSERT [dbo].[MDMAsset] ([MDMRequestId], [AssetId], [AssetClass], [PostCap], [Description2], [SerialNumber], [EvaluationGroup1], [AssetCondition], [OriginalAsset], [OrigAcquisDate], [BookDepreKey], [UsefulLife01], [UsefulLife03]) VALUES (4, 2079, N'Class 5', N'Post', N'tes', N'tes', N'123', N'Good', N'das', CAST(N'2018-08-29 17:00:00.000' AS DateTime), N'12312', N'dasd', N'3 Tahun')
INSERT [dbo].[MDMAsset] ([MDMRequestId], [AssetId], [AssetClass], [PostCap], [Description2], [SerialNumber], [EvaluationGroup1], [AssetCondition], [OriginalAsset], [OrigAcquisDate], [BookDepreKey], [UsefulLife01], [UsefulLife03]) VALUES (4, 2080, N'Class 5', N'Post', N'tes', N'tes', N'das', N'das', N'das', CAST(N'2018-08-29 17:00:00.000' AS DateTime), N'das', N'dasd', N'dasd')
INSERT [dbo].[MDMAsset] ([MDMRequestId], [AssetId], [AssetClass], [PostCap], [Description2], [SerialNumber], [EvaluationGroup1], [AssetCondition], [OriginalAsset], [OrigAcquisDate], [BookDepreKey], [UsefulLife01], [UsefulLife03]) VALUES (5, 1063, N'Class 5', N'Post', N'tes', N'tes', N'123', N'Good', N'das', CAST(N'2018-08-29 17:00:00.000' AS DateTime), N'12312', N'dasd', N'3 Tahun')
INSERT [dbo].[MDMAsset] ([MDMRequestId], [AssetId], [AssetClass], [PostCap], [Description2], [SerialNumber], [EvaluationGroup1], [AssetCondition], [OriginalAsset], [OrigAcquisDate], [BookDepreKey], [UsefulLife01], [UsefulLife03]) VALUES (6, 2081, N'Class 3', N'Post', N'Piring', N'1234', N'123', N'Good', N'das', CAST(N'2018-08-29 17:00:00.000' AS DateTime), N'12312', N'dasd', N'3 Tahun')
INSERT [dbo].[MDMAsset] ([MDMRequestId], [AssetId], [AssetClass], [PostCap], [Description2], [SerialNumber], [EvaluationGroup1], [AssetCondition], [OriginalAsset], [OrigAcquisDate], [BookDepreKey], [UsefulLife01], [UsefulLife03]) VALUES (6, 2082, N'Class 5', N'Post', N'mangkok', N'1234', N'123', N'Good', N'das', CAST(N'2018-08-29 17:00:00.000' AS DateTime), N'12312', N'dasd', N'3 Tahun')
INSERT [dbo].[MDMAsset] ([MDMRequestId], [AssetId], [AssetClass], [PostCap], [Description2], [SerialNumber], [EvaluationGroup1], [AssetCondition], [OriginalAsset], [OrigAcquisDate], [BookDepreKey], [UsefulLife01], [UsefulLife03]) VALUES (6, 2083, N'Class 5', N'Post', N'HP', N'1234', N'123', N'Good', N'das', CAST(N'2018-08-29 17:00:00.000' AS DateTime), N'12312', N'dasd', N'2 Tahun')
INSERT [dbo].[MDMAsset] ([MDMRequestId], [AssetId], [AssetClass], [PostCap], [Description2], [SerialNumber], [EvaluationGroup1], [AssetCondition], [OriginalAsset], [OrigAcquisDate], [BookDepreKey], [UsefulLife01], [UsefulLife03]) VALUES (1012, 1066, N'gdfg', N'gdfgdfg', N'gdfgd', N'kljl', N'hkjh', N'jlk', N'', CAST(N'2018-09-20 17:00:00.000' AS DateTime), N'jlkj', N'yhiu', N'yiuy')
INSERT [dbo].[MDMAsset] ([MDMRequestId], [AssetId], [AssetClass], [PostCap], [Description2], [SerialNumber], [EvaluationGroup1], [AssetCondition], [OriginalAsset], [OrigAcquisDate], [BookDepreKey], [UsefulLife01], [UsefulLife03]) VALUES (1013, 2085, N'asd', N'das', N'das', N'das', N'das', N'das', N'', CAST(N'2018-10-07 17:00:00.000' AS DateTime), N'das', N'das', N'das')
INSERT [dbo].[MDMAsset] ([MDMRequestId], [AssetId], [AssetClass], [PostCap], [Description2], [SerialNumber], [EvaluationGroup1], [AssetCondition], [OriginalAsset], [OrigAcquisDate], [BookDepreKey], [UsefulLife01], [UsefulLife03]) VALUES (1014, 2086, N'Class 5', N'Post', N'Kare Jepang 2', N'1234', N'123', N'Good', N'', CAST(N'2018-11-09 17:00:00.000' AS DateTime), N'12312', N'dasd', N'3 Tahun')
INSERT [dbo].[MDMAsset] ([MDMRequestId], [AssetId], [AssetClass], [PostCap], [Description2], [SerialNumber], [EvaluationGroup1], [AssetCondition], [OriginalAsset], [OrigAcquisDate], [BookDepreKey], [UsefulLife01], [UsefulLife03]) VALUES (1015, 1061, N'Ada', N'ada', N'ada', N'ad', N'ad', N'ad', N'', CAST(N'2018-11-10 17:00:00.000' AS DateTime), N'ad', N'ad', N'ad')
SET IDENTITY_INSERT [dbo].[MDMRequest] ON 

INSERT [dbo].[MDMRequest] ([MDMRequestId], [SubmitDate], [Status], [LegalRequestor], [RequestTitle]) VALUES (1, CAST(N'2018-08-15 23:45:05.643' AS DateTime), N'COMPLETE', N'superadmin', N'Perbaikan alat')
INSERT [dbo].[MDMRequest] ([MDMRequestId], [SubmitDate], [Status], [LegalRequestor], [RequestTitle]) VALUES (2, CAST(N'2018-08-15 23:48:59.000' AS DateTime), N'COMPLETE', N'superadmin', N'Perbaikan alat 2')
INSERT [dbo].[MDMRequest] ([MDMRequestId], [SubmitDate], [Status], [LegalRequestor], [RequestTitle]) VALUES (3, CAST(N'2018-08-16 11:40:06.000' AS DateTime), N'COMPLETE', N'superadmin', N'KARAHA')
INSERT [dbo].[MDMRequest] ([MDMRequestId], [SubmitDate], [Status], [LegalRequestor], [RequestTitle]) VALUES (4, CAST(N'2018-08-30 15:09:28.103' AS DateTime), N'COMPLETE', N'superadmin', N'Perbaikan asset')
INSERT [dbo].[MDMRequest] ([MDMRequestId], [SubmitDate], [Status], [LegalRequestor], [RequestTitle]) VALUES (5, CAST(N'2018-08-30 23:35:46.703' AS DateTime), N'PROGRESS', N'superadmin', N'Coba update asset number')
INSERT [dbo].[MDMRequest] ([MDMRequestId], [SubmitDate], [Status], [LegalRequestor], [RequestTitle]) VALUES (6, CAST(N'2018-08-30 23:43:00.497' AS DateTime), N'COMPLETE', N'superadmin', N'Alat - Alat Dapur')
INSERT [dbo].[MDMRequest] ([MDMRequestId], [SubmitDate], [Status], [LegalRequestor], [RequestTitle]) VALUES (1012, CAST(N'2018-09-21 16:34:51.917' AS DateTime), N'PROGRESS', N'superadmin', N'dfsdfs')
INSERT [dbo].[MDMRequest] ([MDMRequestId], [SubmitDate], [Status], [LegalRequestor], [RequestTitle]) VALUES (1013, CAST(N'2018-10-08 15:38:32.840' AS DateTime), N'COMPLETE', N'superadmin', N'KARAHA')
INSERT [dbo].[MDMRequest] ([MDMRequestId], [SubmitDate], [Status], [LegalRequestor], [RequestTitle]) VALUES (1014, CAST(N'2018-11-10 14:19:54.697' AS DateTime), N'COMPLETE', N'superadmin', N'Pembuatan kare jepang')
INSERT [dbo].[MDMRequest] ([MDMRequestId], [SubmitDate], [Status], [LegalRequestor], [RequestTitle]) VALUES (1015, CAST(N'2018-11-11 20:07:36.343' AS DateTime), N'PROGRESS', N'superadmin', N'coba')
SET IDENTITY_INSERT [dbo].[MDMRequest] OFF
SET IDENTITY_INSERT [dbo].[PhysicalCheck] ON 

INSERT [dbo].[PhysicalCheck] ([PhysicalCheckId], [PhysicalCheckDate], [AssetId], [Condition], [IsDeleted], [CheckedBy]) VALUES (1, CAST(N'2018-08-07 00:00:00.000' AS DateTime), 1070, N'GOOD', 1, N'Yosef')
INSERT [dbo].[PhysicalCheck] ([PhysicalCheckId], [PhysicalCheckDate], [AssetId], [Condition], [IsDeleted], [CheckedBy]) VALUES (2, CAST(N'2018-08-14 00:00:00.000' AS DateTime), 1067, N'GOOD', 0, N'superadmin')
INSERT [dbo].[PhysicalCheck] ([PhysicalCheckId], [PhysicalCheckDate], [AssetId], [Condition], [IsDeleted], [CheckedBy]) VALUES (1002, CAST(N'2018-08-21 00:00:00.000' AS DateTime), 2075, N'GOOD', 1, N'superadmin')
INSERT [dbo].[PhysicalCheck] ([PhysicalCheckId], [PhysicalCheckDate], [AssetId], [Condition], [IsDeleted], [CheckedBy]) VALUES (1003, CAST(N'2018-08-28 00:00:00.000' AS DateTime), 1065, N'BAD', 0, N'superadmin')
INSERT [dbo].[PhysicalCheck] ([PhysicalCheckId], [PhysicalCheckDate], [AssetId], [Condition], [IsDeleted], [CheckedBy]) VALUES (1004, CAST(N'2018-08-28 00:00:00.000' AS DateTime), 2076, N'GOOD', 0, N'superadmin')
INSERT [dbo].[PhysicalCheck] ([PhysicalCheckId], [PhysicalCheckDate], [AssetId], [Condition], [IsDeleted], [CheckedBy]) VALUES (1005, CAST(N'2018-08-28 00:00:00.000' AS DateTime), 2076, N'GOOD', 0, N'superadmin')
INSERT [dbo].[PhysicalCheck] ([PhysicalCheckId], [PhysicalCheckDate], [AssetId], [Condition], [IsDeleted], [CheckedBy]) VALUES (1006, CAST(N'2018-08-28 00:00:00.000' AS DateTime), 2076, N'BAD', 0, N'superadmin')
INSERT [dbo].[PhysicalCheck] ([PhysicalCheckId], [PhysicalCheckDate], [AssetId], [Condition], [IsDeleted], [CheckedBy]) VALUES (1007, CAST(N'2018-08-28 00:00:00.000' AS DateTime), 2075, N'GOOD', 0, N'superadmin')
INSERT [dbo].[PhysicalCheck] ([PhysicalCheckId], [PhysicalCheckDate], [AssetId], [Condition], [IsDeleted], [CheckedBy]) VALUES (1008, CAST(N'2018-08-28 00:00:00.000' AS DateTime), 2075, N'GOOD', 0, N'superadmin')
INSERT [dbo].[PhysicalCheck] ([PhysicalCheckId], [PhysicalCheckDate], [AssetId], [Condition], [IsDeleted], [CheckedBy]) VALUES (1009, CAST(N'2018-08-28 00:00:00.000' AS DateTime), 2075, N'GOOD', 0, N'superadmin')
INSERT [dbo].[PhysicalCheck] ([PhysicalCheckId], [PhysicalCheckDate], [AssetId], [Condition], [IsDeleted], [CheckedBy]) VALUES (1010, CAST(N'2018-08-28 00:00:00.000' AS DateTime), 2075, N'GOOD', 0, N'superadmin')
INSERT [dbo].[PhysicalCheck] ([PhysicalCheckId], [PhysicalCheckDate], [AssetId], [Condition], [IsDeleted], [CheckedBy]) VALUES (1011, CAST(N'2018-08-29 00:00:00.000' AS DateTime), 2076, N'BAD', 0, N'superadmin')
INSERT [dbo].[PhysicalCheck] ([PhysicalCheckId], [PhysicalCheckDate], [AssetId], [Condition], [IsDeleted], [CheckedBy]) VALUES (1012, CAST(N'2018-09-16 00:00:00.000' AS DateTime), 2080, N'GOOD', 0, N'superadmin')
INSERT [dbo].[PhysicalCheck] ([PhysicalCheckId], [PhysicalCheckDate], [AssetId], [Condition], [IsDeleted], [CheckedBy]) VALUES (1013, CAST(N'2018-09-16 00:00:00.000' AS DateTime), 2079, N'BAD', 0, N'superadmin')
INSERT [dbo].[PhysicalCheck] ([PhysicalCheckId], [PhysicalCheckDate], [AssetId], [Condition], [IsDeleted], [CheckedBy]) VALUES (1014, CAST(N'2018-09-16 15:42:00.000' AS DateTime), 2080, N'GOOD', 0, N'superadmin')
INSERT [dbo].[PhysicalCheck] ([PhysicalCheckId], [PhysicalCheckDate], [AssetId], [Condition], [IsDeleted], [CheckedBy]) VALUES (1015, CAST(N'2018-11-10 14:22:00.000' AS DateTime), 2086, N'GOOD', 0, N'superadmin')
SET IDENTITY_INSERT [dbo].[PhysicalCheck] OFF
SET IDENTITY_INSERT [dbo].[PhysicalCheckAsset] ON 

INSERT [dbo].[PhysicalCheckAsset] ([ImageId], [PhysicalCheckId], [Image]) VALUES (3, 1010, N'~/Uploads/6516d8c1-b31d-4ed9-bde4-2968aedb5ec8_approval.JPG')
INSERT [dbo].[PhysicalCheckAsset] ([ImageId], [PhysicalCheckId], [Image]) VALUES (4, 1010, N'~/Uploads/28d23539-4e94-4373-93df-1e9d5125dc87_login.JPG')
INSERT [dbo].[PhysicalCheckAsset] ([ImageId], [PhysicalCheckId], [Image]) VALUES (5, 1010, N'~/Uploads/91ba5b7d-33fb-446b-ab91-edb16febcf60_request-mdm-b.JPG')
INSERT [dbo].[PhysicalCheckAsset] ([ImageId], [PhysicalCheckId], [Image]) VALUES (17, 1011, N'~/Uploads/e57e6be8-4186-4dde-a4d3-d11ce33149a1_auc.JPG')
INSERT [dbo].[PhysicalCheckAsset] ([ImageId], [PhysicalCheckId], [Image]) VALUES (18, 1012, N'~/Uploads/f503970a-7b83-4716-b67b-562b6dd3b428_antara-tidur-dan-wafat.jpg')
INSERT [dbo].[PhysicalCheckAsset] ([ImageId], [PhysicalCheckId], [Image]) VALUES (19, 1012, N'~/Uploads/8b277aa8-b626-4e87-b9ee-942a462e08e5_alat-bantu-merukyat-hilal.png')
INSERT [dbo].[PhysicalCheckAsset] ([ImageId], [PhysicalCheckId], [Image]) VALUES (20, 1013, N'~/Uploads/8cb0d705-68d4-40c8-97b1-49caaf63e0fa_apakah-shaum-bedug-bidah.jpg')
INSERT [dbo].[PhysicalCheckAsset] ([ImageId], [PhysicalCheckId], [Image]) VALUES (25, 1014, N'~/Uploads/4a6e3a90-8383-4ed3-bc7f-ff1babd31067_apakah-shaum-bedug-bidah.jpg')
INSERT [dbo].[PhysicalCheckAsset] ([ImageId], [PhysicalCheckId], [Image]) VALUES (26, 1015, N'~/Uploads/43f642e3-34d1-4205-bb50-5803ebe8e4dd_ttd.png')
SET IDENTITY_INSERT [dbo].[PhysicalCheckAsset] OFF
SET IDENTITY_INSERT [dbo].[Plant] ON 

INSERT [dbo].[Plant] ([PlantId], [Code], [Name]) VALUES (1, N'ALL', N'All')
INSERT [dbo].[Plant] ([PlantId], [Code], [Name]) VALUES (2, N'E004', N'Lumut Balai')
INSERT [dbo].[Plant] ([PlantId], [Code], [Name]) VALUES (3, N'E003', N'Lahendong')
INSERT [dbo].[Plant] ([PlantId], [Code], [Name]) VALUES (4, N'E006', N'Kamojang')
SET IDENTITY_INSERT [dbo].[Plant] OFF
SET IDENTITY_INSERT [dbo].[SPCRequest] ON 

INSERT [dbo].[SPCRequest] ([SPCRequestId], [SubmitDate], [Status], [ScrapType], [NoRequestSPC005], [NoRequestSPC011], [Plant], [CostCenter], [AcquisitionType], [DocABVN], [PreparedBy], [LegalRequestor]) VALUES (1, CAST(N'2018-08-29 13:32:40.737' AS DateTime), N'COMPLETED', N'CAPITALIZATION', N'SPC123', N'adasd', N'das', N'dasd', N'CURRENT', 1, N'superadmin', N'superadmin')
INSERT [dbo].[SPCRequest] ([SPCRequestId], [SubmitDate], [Status], [ScrapType], [NoRequestSPC005], [NoRequestSPC011], [Plant], [CostCenter], [AcquisitionType], [DocABVN], [PreparedBy], [LegalRequestor]) VALUES (2, CAST(N'2018-08-29 13:41:10.000' AS DateTime), N'COMPLETED', N'CAPITALIZATION', N'dasd', N'das', NULL, N'dasd', N'BEFORE', 0, N'superadmin', N'dasd')
INSERT [dbo].[SPCRequest] ([SPCRequestId], [SubmitDate], [Status], [ScrapType], [NoRequestSPC005], [NoRequestSPC011], [Plant], [CostCenter], [AcquisitionType], [DocABVN], [PreparedBy], [LegalRequestor]) VALUES (3, CAST(N'2018-08-30 15:11:37.080' AS DateTime), N'COMPLETED', N'CAPITALIZATION', N'SPC-005643', N'SPC-011643', N'E002-Area Kamojang', N'348723985', N'CURRENT', 0, N'superadmin', N'Guda')
INSERT [dbo].[SPCRequest] ([SPCRequestId], [SubmitDate], [Status], [ScrapType], [NoRequestSPC005], [NoRequestSPC011], [Plant], [CostCenter], [AcquisitionType], [DocABVN], [PreparedBy], [LegalRequestor]) VALUES (4, CAST(N'2018-09-05 14:33:37.603' AS DateTime), N'DRAFT', N'NON_CAPITALIZATION', N'12/NEWCAP/NBD-PGE/2018', N'', N'E002', N'C001', N'CURRENT', 1, N'superadmin', N'Nurul Amalia Lubis')
INSERT [dbo].[SPCRequest] ([SPCRequestId], [SubmitDate], [Status], [ScrapType], [NoRequestSPC005], [NoRequestSPC011], [Plant], [CostCenter], [AcquisitionType], [DocABVN], [PreparedBy], [LegalRequestor]) VALUES (5, CAST(N'2018-10-08 15:40:00.103' AS DateTime), N'COMPLETED', N'CAPITALIZATION', N'123213', N'3123', N'asd', N'ds', N'CURRENT', 1, N'superadmin', N'superadmin')
INSERT [dbo].[SPCRequest] ([SPCRequestId], [SubmitDate], [Status], [ScrapType], [NoRequestSPC005], [NoRequestSPC011], [Plant], [CostCenter], [AcquisitionType], [DocABVN], [PreparedBy], [LegalRequestor]) VALUES (6, CAST(N'2018-11-10 14:22:25.763' AS DateTime), N'COMPLETED', N'NON_CAPITALIZATION', N'1234', N'', NULL, N'ds', N'CURRENT', 0, N'superadmin', N'superadmin')
SET IDENTITY_INSERT [dbo].[SPCRequest] OFF
INSERT [dbo].[SPCRequestAsset] ([SPCRequestId], [AssetId], [DocDate], [PostingDate], [AssetValueDate], [PostingPeriod], [TransactionType], [AssetTransaction]) VALUES (1, 2075, CAST(N'2018-08-28 17:00:00.000' AS DateTime), CAST(N'2018-08-28 17:00:00.000' AS DateTime), CAST(N'2018-08-28 17:00:00.000' AS DateTime), N'5', N'CC_SETTLEMENT_CURRENT_YEAR_200', N'CAPITALIZATION_100')
INSERT [dbo].[SPCRequestAsset] ([SPCRequestId], [AssetId], [DocDate], [PostingDate], [AssetValueDate], [PostingPeriod], [TransactionType], [AssetTransaction]) VALUES (1, 2076, CAST(N'2018-08-28 17:00:00.000' AS DateTime), CAST(N'2018-08-28 17:00:00.000' AS DateTime), CAST(N'2018-08-28 17:00:00.000' AS DateTime), N'4', N'CC_SETTLEMENT_PRIOR_YEAR_200', N'MINCOST_101')
INSERT [dbo].[SPCRequestAsset] ([SPCRequestId], [AssetId], [DocDate], [PostingDate], [AssetValueDate], [PostingPeriod], [TransactionType], [AssetTransaction]) VALUES (2, 2074, CAST(N'2018-08-29 17:00:00.000' AS DateTime), CAST(N'2018-08-29 17:00:00.000' AS DateTime), CAST(N'2018-08-29 17:00:00.000' AS DateTime), N'5', N'CC_SETTLEMENT_CURRENT_YEAR_200', N'CAPITALIZATION_100')
INSERT [dbo].[SPCRequestAsset] ([SPCRequestId], [AssetId], [DocDate], [PostingDate], [AssetValueDate], [PostingPeriod], [TransactionType], [AssetTransaction]) VALUES (3, 2079, CAST(N'2018-08-29 17:00:00.000' AS DateTime), CAST(N'2018-08-29 17:00:00.000' AS DateTime), CAST(N'2018-08-29 17:00:00.000' AS DateTime), N'6', N'CC_SETTLEMENT_CURRENT_YEAR_200', N'CAPITALIZATION_100')
INSERT [dbo].[SPCRequestAsset] ([SPCRequestId], [AssetId], [DocDate], [PostingDate], [AssetValueDate], [PostingPeriod], [TransactionType], [AssetTransaction]) VALUES (3, 2080, CAST(N'2018-08-29 17:00:00.000' AS DateTime), CAST(N'2018-08-29 17:00:00.000' AS DateTime), CAST(N'2018-08-29 17:00:00.000' AS DateTime), N'5', N'CC_SETTLEMENT_CURRENT_YEAR_200', N'CAPITALIZATION_100')
INSERT [dbo].[SPCRequestAsset] ([SPCRequestId], [AssetId], [DocDate], [PostingDate], [AssetValueDate], [PostingPeriod], [TransactionType], [AssetTransaction]) VALUES (4, 2082, CAST(N'2018-09-04 17:00:00.000' AS DateTime), CAST(N'2018-09-20 17:00:00.000' AS DateTime), CAST(N'2018-09-19 17:00:00.000' AS DateTime), N'5', N'CC_SETTLEMENT_CURRENT_YEAR_200', N'CAPITALIZATION_100')
INSERT [dbo].[SPCRequestAsset] ([SPCRequestId], [AssetId], [DocDate], [PostingDate], [AssetValueDate], [PostingPeriod], [TransactionType], [AssetTransaction]) VALUES (4, 2083, CAST(N'2018-09-04 17:00:00.000' AS DateTime), CAST(N'2018-09-07 17:00:00.000' AS DateTime), CAST(N'2018-09-12 17:00:00.000' AS DateTime), N'4', N'CC_SETTLEMENT_CURRENT_YEAR_200', N'MINCOST_101')
INSERT [dbo].[SPCRequestAsset] ([SPCRequestId], [AssetId], [DocDate], [PostingDate], [AssetValueDate], [PostingPeriod], [TransactionType], [AssetTransaction]) VALUES (5, 2085, CAST(N'2018-10-07 17:00:00.000' AS DateTime), CAST(N'2018-10-07 17:00:00.000' AS DateTime), CAST(N'2018-10-07 17:00:00.000' AS DateTime), N'4', N'CC_SETTLEMENT_CURRENT_YEAR_200', N'CAPITALIZATION_100')
INSERT [dbo].[SPCRequestAsset] ([SPCRequestId], [AssetId], [DocDate], [PostingDate], [AssetValueDate], [PostingPeriod], [TransactionType], [AssetTransaction]) VALUES (6, 2086, CAST(N'2018-11-09 17:00:00.000' AS DateTime), CAST(N'2018-11-09 17:00:00.000' AS DateTime), CAST(N'2018-11-09 17:00:00.000' AS DateTime), N'4', N'CC_SETTLEMENT_CURRENT_YEAR_200', N'CAPITALIZATION_100')
SET IDENTITY_INSERT [dbo].[TCR] ON 

INSERT [dbo].[TCR] ([TCRId], [SubmitDate], [Status], [ProjectName], [WBS], [StartDate], [EndDate], [ProjectDefinition], [CostCenter], [Plant], [LocationId], [AssetHolder], [Budget], [Currency], [Notes], [ValueIdr], [ValueUsd], [IsDeleted]) VALUES (3, CAST(N'2018-08-11 23:02:44.000' AS DateTime), N'DRAFT', N'KMJ-Pengadaan Rak Arsip', N'N11/17/I/910/S/A4-01', CAST(N'2017-02-05 00:00:00.000' AS DateTime), CAST(N'2018-07-11 00:00:00.000' AS DateTime), N'tess', 1, 4, 4, N'Asset Holder', 12000, N'IDR', NULL, 0, 0, 1)
INSERT [dbo].[TCR] ([TCRId], [SubmitDate], [Status], [ProjectName], [WBS], [StartDate], [EndDate], [ProjectDefinition], [CostCenter], [Plant], [LocationId], [AssetHolder], [Budget], [Currency], [Notes], [ValueIdr], [ValueUsd], [IsDeleted]) VALUES (4, CAST(N'2018-08-11 23:08:39.000' AS DateTime), N'DRAFT', N'KMJ-Pengadaan Rak Arsip 2', N'N11/17/I/910/S/A4-01', CAST(N'2018-05-01 00:00:00.000' AS DateTime), CAST(N'2018-08-11 00:00:00.000' AS DateTime), N'tes', 1, 4, 3, N'Asset Holder', 120000, N'IDR', NULL, 0, 0, 1)
INSERT [dbo].[TCR] ([TCRId], [SubmitDate], [Status], [ProjectName], [WBS], [StartDate], [EndDate], [ProjectDefinition], [CostCenter], [Plant], [LocationId], [AssetHolder], [Budget], [Currency], [Notes], [ValueIdr], [ValueUsd], [IsDeleted]) VALUES (5, CAST(N'2018-08-12 12:53:55.000' AS DateTime), N'DRAFT', N'KMJ-Pengadaan Rak Arsip 3', N'N11/17/I/910/S/A4-01', CAST(N'2018-08-12 00:00:00.000' AS DateTime), CAST(N'2018-08-12 00:00:00.000' AS DateTime), N'tes', 1, 4, 4, N'Asset Holder', 12, N'IDR', NULL, 1010000, 69.65, 0)
INSERT [dbo].[TCR] ([TCRId], [SubmitDate], [Status], [ProjectName], [WBS], [StartDate], [EndDate], [ProjectDefinition], [CostCenter], [Plant], [LocationId], [AssetHolder], [Budget], [Currency], [Notes], [ValueIdr], [ValueUsd], [IsDeleted]) VALUES (6, CAST(N'2018-08-12 13:26:00.000' AS DateTime), N'APPROVE_BY_FINANCE', N'KMJ-Pengadaan Rak Arsip 8', N'N11/17/I/910/S/A4-01', CAST(N'2018-08-12 00:00:00.000' AS DateTime), CAST(N'2018-08-12 00:00:00.000' AS DateTime), N'tes', 1, 4, 3, N'Asset Holder', 120000, N'IDR', NULL, 1024200, 70.63, 0)
INSERT [dbo].[TCR] ([TCRId], [SubmitDate], [Status], [ProjectName], [WBS], [StartDate], [EndDate], [ProjectDefinition], [CostCenter], [Plant], [LocationId], [AssetHolder], [Budget], [Currency], [Notes], [ValueIdr], [ValueUsd], [IsDeleted]) VALUES (7, CAST(N'2018-08-12 13:52:07.000' AS DateTime), N'APPROVE_BY_FINANCE', N'KMJ-Pengadaan Rak Arsip 10', N'N11/17/I/910/S/A4-01', CAST(N'2018-08-06 00:00:00.000' AS DateTime), CAST(N'2018-08-12 00:00:00.000' AS DateTime), N'tes', 1, 4, 1, N'Asset Holder', 12000, N'IDR', NULL, 520000, 35.86, 0)
INSERT [dbo].[TCR] ([TCRId], [SubmitDate], [Status], [ProjectName], [WBS], [StartDate], [EndDate], [ProjectDefinition], [CostCenter], [Plant], [LocationId], [AssetHolder], [Budget], [Currency], [Notes], [ValueIdr], [ValueUsd], [IsDeleted]) VALUES (8, CAST(N'2018-08-12 14:04:33.000' AS DateTime), N'APPROVE_BY_FINANCE', N'KMJ-Pengadaan Rak Arsip 11 Edit', N'N11/17/I/910/S/A4-01', CAST(N'2018-08-07 00:00:00.000' AS DateTime), CAST(N'2018-08-12 00:00:00.000' AS DateTime), N'tes', 1, 4, 4, N'Asset Holder', 120000, N'IDR', NULL, 15305000, 365.88, 0)
INSERT [dbo].[TCR] ([TCRId], [SubmitDate], [Status], [ProjectName], [WBS], [StartDate], [EndDate], [ProjectDefinition], [CostCenter], [Plant], [LocationId], [AssetHolder], [Budget], [Currency], [Notes], [ValueIdr], [ValueUsd], [IsDeleted]) VALUES (9, CAST(N'2018-08-14 16:46:45.000' AS DateTime), N'REJECT_BY_FINANCE', N'a', N'N11/17/I/910/S/A4-01', CAST(N'2018-08-14 00:00:00.000' AS DateTime), CAST(N'2018-08-14 00:00:00.000' AS DateTime), N'tes', 1, 4, 4, N'Asset Holder', 10000, N'IDR', NULL, 1776100, 122.49, 1)
INSERT [dbo].[TCR] ([TCRId], [SubmitDate], [Status], [ProjectName], [WBS], [StartDate], [EndDate], [ProjectDefinition], [CostCenter], [Plant], [LocationId], [AssetHolder], [Budget], [Currency], [Notes], [ValueIdr], [ValueUsd], [IsDeleted]) VALUES (1009, CAST(N'2018-08-16 11:36:59.000' AS DateTime), N'APPROVE_BY_FINANCE', N'KARAHA', N'N/KRH1/11', CAST(N'2018-07-11 00:00:00.000' AS DateTime), CAST(N'2018-08-16 00:00:00.000' AS DateTime), N'tes', 1, 4, 4, N'KARAHA', 100000000, N'USD', N'tes', 1907404449, 134281.24, 0)
INSERT [dbo].[TCR] ([TCRId], [SubmitDate], [Status], [ProjectName], [WBS], [StartDate], [EndDate], [ProjectDefinition], [CostCenter], [Plant], [LocationId], [AssetHolder], [Budget], [Currency], [Notes], [ValueIdr], [ValueUsd], [IsDeleted]) VALUES (1011, CAST(N'2018-08-29 15:06:06.000' AS DateTime), N'DRAFT', N'KMJ-Pengadaan Rak Arsip', N'N11/17/I/910/S/A4-01', CAST(N'2018-08-29 00:00:00.000' AS DateTime), CAST(N'2018-08-29 00:00:00.000' AS DateTime), N'tes', 1, 4, 3, N'Asset Holder', 0, N'IDR', N'das', 1601000, 110.56, 1)
INSERT [dbo].[TCR] ([TCRId], [SubmitDate], [Status], [ProjectName], [WBS], [StartDate], [EndDate], [ProjectDefinition], [CostCenter], [Plant], [LocationId], [AssetHolder], [Budget], [Currency], [Notes], [ValueIdr], [ValueUsd], [IsDeleted]) VALUES (1012, CAST(N'2018-08-29 15:11:39.000' AS DateTime), N'DRAFT', N'KMJ-Pengadaan Rak Arsip', N'N11/17/I/910/S/A4-01', CAST(N'2018-08-29 00:00:00.000' AS DateTime), CAST(N'2018-08-29 00:00:00.000' AS DateTime), N'tes', 1, 4, 1, N'Asset Holder', 12000, N'IDR', N'<span style="text-decoration:underline;"><em><strong>Keterangan tambahan untuk TCR A</strong></em></span>', 1776100, 122.49, 0)
INSERT [dbo].[TCR] ([TCRId], [SubmitDate], [Status], [ProjectName], [WBS], [StartDate], [EndDate], [ProjectDefinition], [CostCenter], [Plant], [LocationId], [AssetHolder], [Budget], [Currency], [Notes], [ValueIdr], [ValueUsd], [IsDeleted]) VALUES (1013, CAST(N'2018-08-30 14:47:16.000' AS DateTime), N'APPROVE_BY_FINANCE', N'KMJ-Mapping data baru', N'N11/17/I/910/S/A4-01', CAST(N'2018-08-30 00:00:00.000' AS DateTime), CAST(N'2018-08-30 00:00:00.000' AS DateTime), N'Kipas angin dan buku baru', 1, 4, 4, N'Kamojang', 0, N'IDR', N'Buku gambar dan kipas sudah diperbaiki', 20120000, 1387.76, 0)
INSERT [dbo].[TCR] ([TCRId], [SubmitDate], [Status], [ProjectName], [WBS], [StartDate], [EndDate], [ProjectDefinition], [CostCenter], [Plant], [LocationId], [AssetHolder], [Budget], [Currency], [Notes], [ValueIdr], [ValueUsd], [IsDeleted]) VALUES (1014, CAST(N'2018-08-30 23:40:27.000' AS DateTime), N'APPROVE_BY_FINANCE', N'KMJ-Alat Dapur', N'N11/17/I/910/S/A4-01', CAST(N'2018-08-30 00:00:00.000' AS DateTime), CAST(N'2018-08-30 00:00:00.000' AS DateTime), N'Proyek barang dapur', 1, 4, 4, N'Asset Holder', 125000000, N'IDR', NULL, 302227889, 21276.16, 0)
INSERT [dbo].[TCR] ([TCRId], [SubmitDate], [Status], [ProjectName], [WBS], [StartDate], [EndDate], [ProjectDefinition], [CostCenter], [Plant], [LocationId], [AssetHolder], [Budget], [Currency], [Notes], [ValueIdr], [ValueUsd], [IsDeleted]) VALUES (1015, CAST(N'2018-09-20 15:30:25.000' AS DateTime), N'WAITING_APPROVAL_FINANCE', N'0dasd', N'dasdasd', CAST(N'2018-09-20 00:00:00.000' AS DateTime), CAST(N'2018-09-20 00:00:00.000' AS DateTime), N'fdfsd', 1, 4, NULL, N'dortoh', 200, N'IDR', NULL, 100000, 7.04, 1)
INSERT [dbo].[TCR] ([TCRId], [SubmitDate], [Status], [ProjectName], [WBS], [StartDate], [EndDate], [ProjectDefinition], [CostCenter], [Plant], [LocationId], [AssetHolder], [Budget], [Currency], [Notes], [ValueIdr], [ValueUsd], [IsDeleted]) VALUES (1016, CAST(N'2018-09-20 15:41:45.000' AS DateTime), N'DRAFT', N'hgh', N'hfghfg', CAST(N'2018-09-20 00:00:00.000' AS DateTime), CAST(N'2018-09-20 00:00:00.000' AS DateTime), N'hfghfg', 1, 4, NULL, N'dortoh', 0, N'IDR', N'hfgh', 100000, 7.04, 0)
INSERT [dbo].[TCR] ([TCRId], [SubmitDate], [Status], [ProjectName], [WBS], [StartDate], [EndDate], [ProjectDefinition], [CostCenter], [Plant], [LocationId], [AssetHolder], [Budget], [Currency], [Notes], [ValueIdr], [ValueUsd], [IsDeleted]) VALUES (1017, CAST(N'2018-10-08 15:37:12.000' AS DateTime), N'APPROVE_BY_FINANCE', N'KMJ-Pengadaan Rak Arsip', N'dasd', CAST(N'2018-10-08 00:00:00.000' AS DateTime), CAST(N'2018-10-08 00:00:00.000' AS DateTime), N'tes', 1, 4, NULL, N'dortoh', 22321, N'IDR', NULL, 2205000000, 155227.03, 0)
INSERT [dbo].[TCR] ([TCRId], [SubmitDate], [Status], [ProjectName], [WBS], [StartDate], [EndDate], [ProjectDefinition], [CostCenter], [Plant], [LocationId], [AssetHolder], [Budget], [Currency], [Notes], [ValueIdr], [ValueUsd], [IsDeleted]) VALUES (1018, CAST(N'2018-11-10 14:17:52.000' AS DateTime), N'APPROVE_BY_FINANCE', N'Pembuatan Kare Jepang', N'N11/17/I/910/S/A4-01', CAST(N'2018-11-06 00:00:00.000' AS DateTime), CAST(N'2018-11-10 00:00:00.000' AS DateTime), N'Definisi', 1, 4, NULL, N'dortoh', 0, N'IDR', NULL, 725000000, 50000, 0)
SET IDENTITY_INSERT [dbo].[TCR] OFF
INSERT [dbo].[TCRAsset] ([TCRId], [AssetId]) VALUES (3, 1066)
INSERT [dbo].[TCRAsset] ([TCRId], [AssetId]) VALUES (3, 1067)
INSERT [dbo].[TCRAsset] ([TCRId], [AssetId]) VALUES (5, 1065)
INSERT [dbo].[TCRAsset] ([TCRId], [AssetId]) VALUES (6, 1066)
INSERT [dbo].[TCRAsset] ([TCRId], [AssetId]) VALUES (6, 2074)
INSERT [dbo].[TCRAsset] ([TCRId], [AssetId]) VALUES (7, 1060)
INSERT [dbo].[TCRAsset] ([TCRId], [AssetId]) VALUES (7, 1061)
INSERT [dbo].[TCRAsset] ([TCRId], [AssetId]) VALUES (8, 1063)
INSERT [dbo].[TCRAsset] ([TCRId], [AssetId]) VALUES (8, 1067)
INSERT [dbo].[TCRAsset] ([TCRId], [AssetId]) VALUES (9, 1069)
INSERT [dbo].[TCRAsset] ([TCRId], [AssetId]) VALUES (9, 1074)
INSERT [dbo].[TCRAsset] ([TCRId], [AssetId]) VALUES (1009, 2075)
INSERT [dbo].[TCRAsset] ([TCRId], [AssetId]) VALUES (1009, 2076)
INSERT [dbo].[TCRAsset] ([TCRId], [AssetId]) VALUES (1011, 1074)
INSERT [dbo].[TCRAsset] ([TCRId], [AssetId]) VALUES (1011, 2077)
INSERT [dbo].[TCRAsset] ([TCRId], [AssetId]) VALUES (1012, 1069)
INSERT [dbo].[TCRAsset] ([TCRId], [AssetId]) VALUES (1012, 1074)
INSERT [dbo].[TCRAsset] ([TCRId], [AssetId]) VALUES (1013, 2079)
INSERT [dbo].[TCRAsset] ([TCRId], [AssetId]) VALUES (1013, 2080)
INSERT [dbo].[TCRAsset] ([TCRId], [AssetId]) VALUES (1014, 2081)
INSERT [dbo].[TCRAsset] ([TCRId], [AssetId]) VALUES (1014, 2082)
INSERT [dbo].[TCRAsset] ([TCRId], [AssetId]) VALUES (1014, 2083)
INSERT [dbo].[TCRAsset] ([TCRId], [AssetId]) VALUES (1015, 2077)
INSERT [dbo].[TCRAsset] ([TCRId], [AssetId]) VALUES (1016, 2077)
INSERT [dbo].[TCRAsset] ([TCRId], [AssetId]) VALUES (1017, 2085)
INSERT [dbo].[TCRAsset] ([TCRId], [AssetId]) VALUES (1018, 2086)
ALTER TABLE [dbo].[Asset]  WITH CHECK ADD  CONSTRAINT [FK_Asset_Location] FOREIGN KEY([LocationId])
REFERENCES [dbo].[Location] ([LocationId])
GO
ALTER TABLE [dbo].[Asset] CHECK CONSTRAINT [FK_Asset_Location]
GO
ALTER TABLE [dbo].[Mapping]  WITH CHECK ADD  CONSTRAINT [FK_Mapping_Plant] FOREIGN KEY([PlantId])
REFERENCES [dbo].[Plant] ([PlantId])
ON DELETE SET NULL
GO
ALTER TABLE [dbo].[Mapping] CHECK CONSTRAINT [FK_Mapping_Plant]
GO
ALTER TABLE [dbo].[MappingAsset]  WITH CHECK ADD  CONSTRAINT [FK_MappingAsset_Asset] FOREIGN KEY([AssetId])
REFERENCES [dbo].[Asset] ([AssetId])
GO
ALTER TABLE [dbo].[MappingAsset] CHECK CONSTRAINT [FK_MappingAsset_Asset]
GO
ALTER TABLE [dbo].[MappingAsset]  WITH CHECK ADD  CONSTRAINT [FK_MappingAsset_Mapping] FOREIGN KEY([MappingId])
REFERENCES [dbo].[Mapping] ([MappingId])
ON DELETE CASCADE
GO
ALTER TABLE [dbo].[MappingAsset] CHECK CONSTRAINT [FK_MappingAsset_Mapping]
GO
ALTER TABLE [dbo].[MappingAssetActualCost]  WITH CHECK ADD  CONSTRAINT [FK_MappingAssetActualCost_ActualCost] FOREIGN KEY([ActualCostId])
REFERENCES [dbo].[ActualCost] ([ActualCostId])
GO
ALTER TABLE [dbo].[MappingAssetActualCost] CHECK CONSTRAINT [FK_MappingAssetActualCost_ActualCost]
GO
ALTER TABLE [dbo].[MappingAssetActualCost]  WITH CHECK ADD  CONSTRAINT [FK_MappingAssetActualCost_AUC] FOREIGN KEY([WBSElement])
REFERENCES [dbo].[AUC] ([WBSElement])
GO
ALTER TABLE [dbo].[MappingAssetActualCost] CHECK CONSTRAINT [FK_MappingAssetActualCost_AUC]
GO
ALTER TABLE [dbo].[MappingAssetActualCost]  WITH CHECK ADD  CONSTRAINT [FK_MappingAssetActualCost_MappingAsset] FOREIGN KEY([MappingAssetId])
REFERENCES [dbo].[MappingAsset] ([MappingAssetId])
GO
ALTER TABLE [dbo].[MappingAssetActualCost] CHECK CONSTRAINT [FK_MappingAssetActualCost_MappingAsset]
GO
ALTER TABLE [dbo].[MDMAsset]  WITH CHECK ADD  CONSTRAINT [FK_MDMAsset_Asset] FOREIGN KEY([AssetId])
REFERENCES [dbo].[Asset] ([AssetId])
ON DELETE CASCADE
GO
ALTER TABLE [dbo].[MDMAsset] CHECK CONSTRAINT [FK_MDMAsset_Asset]
GO
ALTER TABLE [dbo].[MDMAsset]  WITH CHECK ADD  CONSTRAINT [FK_MDMAsset_MDMRequest] FOREIGN KEY([MDMRequestId])
REFERENCES [dbo].[MDMRequest] ([MDMRequestId])
ON DELETE CASCADE
GO
ALTER TABLE [dbo].[MDMAsset] CHECK CONSTRAINT [FK_MDMAsset_MDMRequest]
GO
ALTER TABLE [dbo].[PhysicalCheck]  WITH CHECK ADD  CONSTRAINT [FK_PhysicalCheck_Asset] FOREIGN KEY([AssetId])
REFERENCES [dbo].[Asset] ([AssetId])
GO
ALTER TABLE [dbo].[PhysicalCheck] CHECK CONSTRAINT [FK_PhysicalCheck_Asset]
GO
ALTER TABLE [dbo].[PhysicalCheckAsset]  WITH CHECK ADD  CONSTRAINT [FK_PhysicalCheckAsset_PhysicalCheck] FOREIGN KEY([PhysicalCheckId])
REFERENCES [dbo].[PhysicalCheck] ([PhysicalCheckId])
GO
ALTER TABLE [dbo].[PhysicalCheckAsset] CHECK CONSTRAINT [FK_PhysicalCheckAsset_PhysicalCheck]
GO
ALTER TABLE [dbo].[RejectMappingHistory]  WITH CHECK ADD  CONSTRAINT [FK_RejectMappingHistory_Mapping] FOREIGN KEY([MappingId])
REFERENCES [dbo].[Mapping] ([MappingId])
GO
ALTER TABLE [dbo].[RejectMappingHistory] CHECK CONSTRAINT [FK_RejectMappingHistory_Mapping]
GO
ALTER TABLE [dbo].[RejectTCRHistory]  WITH CHECK ADD  CONSTRAINT [FK_RejectTCRHistory_TCR] FOREIGN KEY([TCRId])
REFERENCES [dbo].[TCR] ([TCRId])
GO
ALTER TABLE [dbo].[RejectTCRHistory] CHECK CONSTRAINT [FK_RejectTCRHistory_TCR]
GO
ALTER TABLE [dbo].[SPCRequestAsset]  WITH CHECK ADD  CONSTRAINT [FK_SPCRequestAsset_Asset] FOREIGN KEY([AssetId])
REFERENCES [dbo].[Asset] ([AssetId])
GO
ALTER TABLE [dbo].[SPCRequestAsset] CHECK CONSTRAINT [FK_SPCRequestAsset_Asset]
GO
ALTER TABLE [dbo].[SPCRequestAsset]  WITH CHECK ADD  CONSTRAINT [FK_SPCRequestAsset_SPCRequest] FOREIGN KEY([SPCRequestId])
REFERENCES [dbo].[SPCRequest] ([SPCRequestId])
ON UPDATE CASCADE
ON DELETE CASCADE
GO
ALTER TABLE [dbo].[SPCRequestAsset] CHECK CONSTRAINT [FK_SPCRequestAsset_SPCRequest]
GO
ALTER TABLE [dbo].[TCR]  WITH CHECK ADD  CONSTRAINT [FK_TCR_CostCenter] FOREIGN KEY([CostCenter])
REFERENCES [dbo].[CostCenter] ([CostCenterId])
ON DELETE CASCADE
GO
ALTER TABLE [dbo].[TCR] CHECK CONSTRAINT [FK_TCR_CostCenter]
GO
ALTER TABLE [dbo].[TCR]  WITH CHECK ADD  CONSTRAINT [FK_TCR_Location] FOREIGN KEY([LocationId])
REFERENCES [dbo].[Location] ([LocationId])
GO
ALTER TABLE [dbo].[TCR] CHECK CONSTRAINT [FK_TCR_Location]
GO
ALTER TABLE [dbo].[TCR]  WITH CHECK ADD  CONSTRAINT [FK_TCR_Plant] FOREIGN KEY([Plant])
REFERENCES [dbo].[Plant] ([PlantId])
ON DELETE CASCADE
GO
ALTER TABLE [dbo].[TCR] CHECK CONSTRAINT [FK_TCR_Plant]
GO
ALTER TABLE [dbo].[TCRAsset]  WITH CHECK ADD  CONSTRAINT [FK_TCRAsset_Asset] FOREIGN KEY([AssetId])
REFERENCES [dbo].[Asset] ([AssetId])
GO
ALTER TABLE [dbo].[TCRAsset] CHECK CONSTRAINT [FK_TCRAsset_Asset]
GO
ALTER TABLE [dbo].[TCRAsset]  WITH CHECK ADD  CONSTRAINT [FK_TCRAsset_TCR] FOREIGN KEY([TCRId])
REFERENCES [dbo].[TCR] ([TCRId])
GO
ALTER TABLE [dbo].[TCRAsset] CHECK CONSTRAINT [FK_TCRAsset_TCR]
GO
USE [master]
GO
ALTER DATABASE [PGE.AIMS.APP] SET  READ_WRITE 
GO
